name,city,id,eia_plant_id,overwrite,state,country,capacity mwh,estimate mwh,power mw,customer,owner,developer,manufacturer,type,cells,no of battery units,status,date first heard,start construction,start operation,start estimated,cost million,cost currency,cost incl solar,lat,long,coords exact,use case,notes,project website,link1,link2,link3,link4
Kapolei Energy Storage,,1,,,hawaii,usa,565,,185,Hawaiian Electric,,,tesla,megapack,,158,construction,,2021-08-25,,,,,,21.328169,-158.105085,1,"island, black start",,https://www.kapoleienergystorage.com/overview,https://www.tesmanian.com/blogs/tesmanian-blog/tesla-565-mwh-megapack-project-in-hawaii-celebrates-groundbreaking-ceremony,,,
Victorian Big Battery,geelong,2,,,victoria,australia,450,,300,Neoen Australia,,,tesla,megapack,,212,operation,2020-11-01,2021-01-01,2021-12-08,,,,,-38.037741,144.290949,1,,"incident: fire of 2 megapacks on 30.7.2021, burned for ca 3 days, the site was not live yet, it happened during a internal test ** 2021-09-03 moving project back to construction",https://victorianbigbattery.com.au/,https://www.teslarati.com/telsa-megpack-victorian-big-battery-launched/,https://techau.com.au/victorias-grid-just-got-greener-thanks-to-212-tesla-megapack-batteries-300mw-450mwh/,https://www.bestmag.co.uk/indnews/tesla%E2%80%99s-lithium-ion-megapack-causes-three-day-fire-during-test-australian-300mw-ess,https://www.energy-storage.news/victorian-big-battery-australias-biggest-battery-storage-system-at-450mwh-is-online/
Saticoy,oxnard / los angeles,3,63891,,california,usa,400,,100,Arevon,,,tesla,megapack,,142,operation,,2020-10-01,2021-06-29,,,,,34.25773,-119.158534,1,peaker plant replacement,,,https://electrek.co/2021/06/30/tesla-megapacks-power-on-battery-replacing-gas-peaker-plant-california/,https://www.prnewswire.com/news-releases/arevon-powers-oxnard-forward-with-saticoy-battery-storage-project-301321788.html,https://arevonenergy.com/location/saticoy/,
California Flats,monterey county,4,,,california,usa,240,,130,Apple,,,tesla,megapack,,85,planning,2021-03-21,,,,,,,35.87009,-120.326403,1,130MW solar farm support,,,https://www.teslarati.com/tesla-megapack-apple-solar-farm-california/,https://www.apple.com/newsroom/2021/03/apple-powers-ahead-in-new-renewable-energy-solutions-with-over-110-suppliers/,https://www.firstsolar.com/en/Resources/Projects/California-Flats,
Nofar Israel,,5,,,,israel,,,100,Nofar Energy,,,tesla,megapack,,,planning,2021-03-16,,,,,,,31.961747,34.835081,0,150mw solar farm support,,,https://www.tesmanian.com/blogs/tesmanian-blog/tsla-receives-30-million-order-for-energy-storage-system-from-nofar-energy,,,
Gambit,angleton / houston,6,64528,,texas,usa,,,100,Tesla Subsidiary,,,tesla,megapack,,,construction,2021-03-08,2021-03-08,,,,,,29.168189,-95.445369,1,tesla as energy providor,"drone video only show ca 130 white boxes and each is 2 megapacks, there is a vistra battery close by that is even bigger",,https://www.teslarati.com/tesla-texas-big-battery-report/,https://www.bloomberg.com/news/features/2021-03-08/tesla-is-plugging-a-secret-mega-battery-into-the-texas-grid,https://www.youtube.com/watch?v=OottNRdebs8,
Moss landing / Elkhorn,close to santa cruz,7,62564,,california,usa,730,,182,PG&E,,,tesla,megapack,,256,operation,,2020-07-01,2021-04-01,,,,,36.807971,-121.781701,1,,"in 2020, 64mwh were added",,https://www.teslarati.com/tesla-megapack-battery-moss-landing-completion-video/,https://en.wikipedia.org/wiki/Tesla_Megapack,,
Hornsdale Power Reserve,hornsdale,8,,,south australia,australia,194,,150,Neoen Australia,,,tesla,powerpack,,,operation,2017-03-10,2017-08-01,2017-12-01,,,,,-33.085797,138.518339,1,316MW wind farm support,42 power packs,https://hornsdalepowerreserve.com.au/,https://en.wikipedia.org/wiki/Hornsdale_Power_Reserve,,,
Osaka Trains,Osaka,9,,,,japan,12,,,,,,tesla,powerpack,,42,operation,,,2019-03-27,,,,,34.701231,135.494584,0,train station backup,,,https://www.teslarati.com/telsa-powerpack-osaka-japan/,,,
Hokkaido,,10,,,,japan,6,,,,,,tesla,megapack,,,planning,2021-08-19,,,,,,,43.325369,142.589328,0,,,,https://www.bloomberg.com/news/articles/2021-08-19/tesla-plotting-battery-storage-entry-into-japan-s-power-market,,,
Vallecito Energy Storage Resilience (VESR),carpinteria / santa barbara county,11,62801,,california,usa,40,,10,Clean Coalition,,,tesla,megapack,,15,operation,,2020-11-05,2021-03-31,,,,,34.408083,-119.512937,1,,,,https://www.tesmanian.com/blogs/tesmanian-blog/tesla-begins-installation-of-15-megapacks-at-carpinteria-santa-barbara-county,https://clean-coalition.org/news/vallecito-energy-storage-resilience-vesr-project-online-december/,,
WindCharger,Wallgrove / Sydney,12,,,new south wales,australia,75,,50,TransGrid,,,tesla,megapack,,,construction,2020-10-27,2021-02-01,,,,,,-33.817659,150.828087,1,,,https://www.transgrid.com.au/wallgrovebattery,https://www.tesmanian.com/blogs/tesmanian-blog/tesla-and-transgrid-will-build-tesla-megapack-battery-in-western-sydney-australia,,,
eReserve1,,13,,,alberta,canada,,,20,WCSB  Power,,,tesla,megapack,,,planning,2020-10-17,,,,,,,55.740245,-118.700003,1,,"eReserve is one big project, but at 3 locations, hence 3 different lines here",https://ereserve-project.com/ereserve1,http://td.mediaroom.com/2020-10-14-TD-Greystone-Infrastructure-Fund-Invested-in-Canadas-Largest-Battery-Energy-Storage-System,https://www.teslarati.com/tesla-canada-biggest-battery-energy-storage-system/,,
eReserve2,,14,,,alberta,canada,,,20,WCSB  Power,,,tesla,megapack,,,planning,2020-10-17,,,,,,,53.120643,-111.199825,1,,,https://ereserve-project.com/ereserve2,,,,
eReserve3,,15,,,alberta,canada,,,20,WCSB  Power,,,tesla,megapack,,,planning,2020-10-17,,,,,,,55.287437,-118.642392,1,,,https://ereserve-project.com/ereserve3,,,,
WindCharger,,16,,,alberta,canada,20,,10,TransAlta,,,tesla,megapack,,9,operation,,,2020-10-15,,,,,49.582737,-113.794235,1,wind farm support,,,https://www.transaltarenewables.com/2020/10/15/transalta-renewables-announces-commercial-operation-of-windcharger-albertas-first-utility-scale-battery-storage-project/,https://www.teslarati.com/tesla-megapack-alberta-windcharger-complete/,https://transalta.com/wp-content/uploads/2020/04/WindCharger_Construction_Start_Newsletter_2020.pdf,
Holes Bay,Holes Bay / Southampton,17,,,,uk,15,,7,Harmony Energy Ltd / Fotowatio Renewable Ventures BV ,,,tesla,megapack,,6,operation,,,2020-09-18,,,,,50.726395,-1.9901,1,,,,https://www.teslarati.com/tesla-megapack-autobidder-uk-energy-grid-debut/,https://www.bloomberg.com/news/articles/2020-09-18/six-giant-tesla-batteries-used-to-keep-lights-on-in-britain,https://www.harmonyenergy.co.uk/general/video-holes-bay-battery-energy-storage-plant/,
switch datacenter,,18,,,nevada,usa,,,,switch,,,tesla,megapack,,,planning,2020-07-24,,,,,,,36.058908,-115.21174,0,datacenter,,,https://electrek.co/2020/07/24/tesla-megapack-project-switch-datacenter/,,,
Kauai Island,Kauai,19,,,hawaii,usa,52,,,KIUC,,,tesla,powerpack,,272,operation,,,2017-03-08,,,,,21.998353,-159.378905,1,"island, 13mw solar farm support",20 year contract to buy energy,,https://www.theverge.com/2017/3/8/14854858/tesla-solar-hawaii-kauai-kiuc-powerpack-battery-generator,https://www.youtube.com/watch?v=X45Iv6b5Zs4&t=78s,https://en.wikipedia.org/wiki/Kauai,
Mira Loma Substation,Ontario,20,,,california,usa,80,,20,SCE Southern California Edison,,,tesla,powerpack,,,operation,,,2017-06-02,,,,,34.00548,-117.566749,1,,,,https://www.theverge.com/2017/2/6/14523196/tesla-battery-powerpack-los-angeles-electricity,,,
ngen slovenia 2,Kidrievo,21,,,,slovenia,30,,15,ngen,,,tesla,megapack,,12,operation,,,2020-10-13,,,,,46.391223,15.78985,1,,,,https://www.teslarati.com/tesla-megapack-installation-ngen-slovenia/,,,
ngen slovenia 1,Jesenice,22,,,,slovenia,22,,12,ngen,,,tesla,powerpack,,,operation,,,2019-10-14,,,,,46.418237,14.10062,1,,,,https://www.youtube.com/watch?v=v9j-2lsMcJ0,,,
Alaska Soldotna,Soldotna Power Plant,23,57206,,alaska,usa,93,,46,Homer Electric Association,,,tesla,megapack,,37,operation,2019-12-03,,2021-07-23,,,,,60.500441,-150.996312,1,,,,https://www.homerelectric.com/2019/12/battery-energy-storage-system-bess-coming-to-hea/,https://www.homerelectric.com/2021/07/battery-energy-storage-system-has-arrived/,,
Colorado ,Weld County,24,,,colorado,usa,16,,4,United Power,,,tesla,powerpack,,,operation,2018-10-14,,2019-01-22,,,,,40.577109,-104.40854,0,,could not find exact location though it is operational,,https://www.youtube.com/watch?v=dyAhUREGDzA,https://electrek.co/2018/10/14/tesla-powerpack-project-save-colorado-ratepayers/,,
Nantucket,Nantucket island,25,,,massachusetts,usa,48,,6,National Grid,,,tesla,powerpack,,272,operation,2017-11-08,,2019-19-09,,,,,41.272872,-70.080489,0,island,could not find exact location though it is operational,,https://electrek.co/2017/11/08/tesla-powerpack-island-of-nantucket/,https://electrek.co/2019/10/09/tesla-big-powerpack-nantucket/,,
Guildford electric buses,guildford,26,,,,uk,15,,,Zenobe Energy ,,,tesla,powerpack,,272,operation,,,2019-06-26,,,,,51.205099,-0.581772,1,bus depot,it is a stagecoach bus depot,,https://electrek.co/2019/06/26/tesla-powerpacks-charge-electric-buses/,https://www.teslarati.com/tesla-powerpacks-clean-up-britain-public-transportation/,,
Gannawarra Solar Farm,,27,,,victora,australia,50,,25,Edify Energy / Wirsol,,,tesla,powerpack,,,operation,,,2018-11-16,,,,,-35.734258,143.780015,1,60MW solar farm support,,,https://electrek.co/2018/11/16/tesla-powerpack-project-australia-megapack/,,,
Lake Bonney Wind Farm,,28,,,south australia,australia,52,,25,Infigen Energy,,,tesla,powerpack,,,operation,2018-08-15,,2020-01-22,,,,,-37.738826,140.38693,1,278MW wind farm support,,,https://electrek.co/2018/08/15/tesla-powerpack-win-contract-battery-system/,https://www.pv-magazine.com/2020/01/22/lake-bonney-big-battery-ready-to-supply-teslas-australian-ev-charger-network/,,
Ta'u island,Ta'u island,29,,,american samoa,usa,6,,,,,,tesla,powerpack,,272,operation,,,2016-11-22,,,,,-14.219534,-169.494626,1,"island, 1.4MW solar farm support",,,https://electrek.co/2016/11/22/tesla-island-microgrid-battery-solar/,,,
Samoa,,30,,,,samoa,13,,,,,,tesla,powerpack,,,operation,,,2018-07-25,,,,,-13.885669,-171.884245,1,island,2 locations at power station and airport,,https://electrek.co/2018/07/25/tesla-microgrid-powerpack-projects-samoa-fossil-fuel-free/,,,
Pinal Central Solar Energy Center,,31,,,arizona,usa,40,,10,Salt River Project,,,tesla,powerpack,,,operation,,,2018-05-29,,,,,32.868983,-111.557171,1,20MW solar farm support,Added 40 mwh as the youtube video said it can power with 10MW for 4 hours,,https://electrek.co/2018/05/29/tesla-powerpacks-without-logo-new-solar-project-arizona/,https://www.youtube.com/watch?v=e9RuVL3t4jQ,,
Terhills,Terhills,32,,,,belguim,29,,18,Restore,,,tesla,powerpack,,272,operation,,,2018-05-14,,,,,51.006595,5.711134,1,,,,https://electrek.co/2018/05/14/tesla-powerpack-project-grid-balancing-europe/,,,
Ozop New York,new york city / brooklyn,33,,,new york,usa,4,,2,Ozop Energy Systems,,,tesla,powerpack,,,planning,2021-08-25,,,,,,,40.645624,-73.940749,0,peak shaving,together with stem athena software,,https://www.globenewswire.com/news-release/2021/08/25/2286612/0/en/Ozop-Energy-Solutions-Inc-to-Utilize-Tesla-MEGAPACK-in-Battery-Storage-System-Design-Updated.html,https://www.globenewswire.com/news-release/2021/08/18/2282824/0/en/Ozop-Energy-Solutions-OZSC-Announces-Stem-Smart-Energy-Storage-2MW-4MWh-Project-in-New-York-City.html,,
Goleta Energy Storage Project,Goleta,34,,,california,usa,,,60,"Goleta Energy Storage, LLC",,,tesla,megapack,,62,planning,2019-11-13,,,,,,,34.432740,-119.869283,1,peaker plant replacement,the planning document on the website has a lot of detail,https://www.cityofgoleta.org/city-hall/planning-and-environmental-review/ceqa-review/cortona-battery-storage-project,,,,
Contego,Hurstpierpoint,35,,,west sussex,uk,68,,34,Harmony Energy Ltd,,,tesla,megapack,,28,operation,,,2021-09-07,,,,,50.955104,-0.163008,1,,,https://www.harmonyenergy.co.uk/projects/,https://www.teslarati.com/tesla-batteries-uk-largest-energy-storage/,https://www.youtube.com/watch?v=zh6PFeObrHs,,
Trents Energy Storage,St. Lucy,36,,,,barbados,20,,5,Barbados Light & Power,,,tesla,powerpack,,,operation,,,2017-01-01,,,,,13.293125,-59.627449,1,"island, solar farm support",,,https://www.blpc.com.bb/images/watts_new_print/LEX_BLPC_Newsletter_2020_Vol19_SEP3.pdf?type=file,https://www.solarbarbados.com/2019/05/09/first-utility-scale-solar-farm-10mw-in-barbados/,,
,,,,,,,,,,,,,,,,,,,,,,,,,,,,,,,,,,
Moss Landing,Moss Landing,37,260,,california,usa,1600,,400,Vistra Corp,,,LG,,LG,,operation,,,2021-02-24,,,,,36.806072,-121.782258,1,,"TR1200 rack design with JH4 cell, 4500+ racks, two stages here **  incident: septemter 2021 the first phase 1200 MWh was shut down after an overheating triggered the sprinkler system. ",https://www.vistracorp.com/vistra-zero/,https://www.energy-storage.news/manufacturer-reveals-involvement-in-worlds-biggest-battery-energy-storage-system-so-far/,https://insideevs.com/news/489894/vistra-moss-landing-energy-storage-world-largest/,https://reneweconomy.com.au/worlds-biggest-battery-sidelined-after-overheating-incident-in-california/,
Docordova,Hood County,38,8063,,texas,usa,260,,260,Vistra Corp,,,,,,,planning,2021-01-09,,,2022,,,,32.430077,-97.695028,0,,,https://www.vistracorp.com/vistra-zero/,https://urjadaily.com/vistra-brings-worlds-largest-utility-scale-battery-energy-storage-system-online/,,,
Oakland,Oakland,39,,,california,usa,36,,145,Vistra Corp,,,,,,,planning,2021-01-09,,,2022,,,,37.79422,-122.20837,0,,,https://www.vistracorp.com/vistra-zero/,,,,
Upton 2,Upton County,40,,,texas,usa,10,,42,Vistra Corp,,,,,,,operation,,,2018-12-31,,,,,31.255119,-102.246596,0,180MW solar farm support,,https://www.vistracorp.com/vistra-zero/,https://www.energy-storage.news/us-utility-vistra-plans-texas-solar-storage-facilities-alongside-6-8gw-of-coal-retirement-by-2027/,https://www.luminant.com/upton-2-solar-power-plant-energy-storage-facility/,,
Morro Bay,Morro Bay,41,,,california,usa,2400,,600,Vistra Corp,,,,,,,planning,2021-02-15,,,,,,,35.374224,-120.858684,1,,"revitalise existing gas power plant site, start construction in 2022 should take 36-48 month to complete",,https://www.energy-storage.news/vistra-proposes-california-battery-project-twice-the-size-of-worlds-largest-facility-to-date/,http://www.morrobayca.gov/documentcenter/view/15093,,
Big Star,Bastrop County,42,64202,,texas,usa,120,,80,RWE Renewables,,,LG,,,,planning,2021-09-01,,,,,,,29.913908,-97.289792,0,200MW solar farm support,,,https://www.energy-storage.news/rwe-signs-up-corporate-offtaker-for-big-star-texas-solar-plus-storage-project/,https://www.rwe.com/en/press/rwe-renewables/2021-08-25-rwe-teams-up-with-constellation-to-supply-major-us-commercial-customers-with-solar-energy-from-big-star-facility,,
Hickory Park,Mitchell County,43,63522,,georgia,usa,80,,40,RWE Renewables,,,Wartsila Energy,GridSolv Quantum,,,construction,,2020-11-17,,,,,,31.31621,-84.124752,0,200MW solar farm support,2021: 30 year PPA with Georgia Power,,https://www.energy-storage.news/lg-energy-solution-supplying-800mwh-battery-storage-for-rwes-us-solar-plus-storage-projects/,https://www.rwe.com/en/press/rwe-renewables/2020-11-17-rwes-hickory-park-solar-project-with-co-located-storage-facility-under-construction,,
Hubei Flow Battery,Xiangyang,44,,,hubei,china,500,,100,Hubei Pingfan Ruifeng New Energy Technology,,,VRB Energy,,,,construction,,2021-05-21,,,,,,32.075783,112.145275,0,500MW rooftop solar support,"Vanadium flow battery, built in phases",,https://www.energy-storage.news/vrb-energy-breaks-ground-on-100mw-500mwh-flow-battery-and-gigafactory-in-china/,https://vrbenergy.com/vrb-energy-announces-agreement-for-chinas-largest-solar-battery-a-100mw-solar-storage-project-in-hubei-province/,,
Riverina / Darlington Point Solar Farm,Darlington Point,45,,,new south wales,australia,200,,100,Edify Energy / Shell,,,,,,,planning,2021-05-25,,,2023Q1,,,,-34.646927,146.03516,1,333MW solar farm support,,https://edifyenergy.com/project/riverina/,https://edifyenergy.com/uncategorised/darlington-point-big-battery-for-shell-and-edify-energy-the-australian-perry-williams/,https://www.power-technology.com/news/edify-shell-riverina-energy-storage/,,
Alamitos,Long Beach / Los Angeles,46,61204,,california,usa,400,,100,Southern California Edison (SCE),,,fluence,Advancion 5,,,operation,,2019-06-01,2021-01-27,,,,,33.770365,-118.101597,1,"gas peaker plant replacement, 20 year ppa",,,https://blog.fluenceenergy.com/aes-fluence-commission-alamitos-energy-storage-facility-long-beach-california,https://blog.fluenceenergy.com/fluence-aes-alamitos-battery-energy-storage-system-made-history,https://www.energy-storage.news/battery-storage-as-peaking-capacity-how-alamitos-changed-the-game-for-california/,
Diablo,Pittsburg,47,62175,,california,usa,800,,200,LS Power / PG & E,,,,,,,construction,,2020-10-30,,,,,,38.015262,-121.846146,0,,,,https://www.energy-storage.news/direct-energy-business-to-use-some-of-worlds-biggest-battery-projects-to-serve-california-customers/,https://www.lspower.com/project-map/,https://www.tdworld.com/distributed-energy-resources/energy-storage/article/21131879/pge-poised-to-expand-battery-energy-storage-capacity-by-more-than-420-mw,
Gateway ,East Otey Mesa / San Diego,48,63834,,california,usa,250,,250,LS Power,,,,,LG,,operation,,2019-09-01,2020-08-01,,,,,32.570558,-116.910955,1,,,,https://www.lspower.com/project-map/,https://vimeo.com/429223580,https://en.wikipedia.org/wiki/Gateway_Energy_Storage,
Vista,Vista,49,,,california,usa,,,40,LS Power,,,,,,,operation,,,2018-07-01,,,,,33.20395,-117.253731,0,,no source about the capacity,,https://www.lspower.com/project-map/,https://www.mapsearch.com/power-plant/vista-energy-storage-system/,,
LeConte,Calexico / Imperial County,50,64701,,california,usa,,,125,LS Power,,,,,,,planning,2019-07-12,,,,,,,32.67641,-115.670255,1,,planning doc is available,,https://www.lspower.com/project-map/,https://ceqanet.opr.ca.gov/2010111056/7,,
Ravenswood,Long Island City / Queens,51,2500,,new york,usa,2528,,316,LS Power,,,,,,,planning,2019-02-01,,,2024,,,,40.761642,-73.944275,1,,planning doc is available ** 2021-02-03: project could be delayed until 2024 ,,https://www.lspower.com/project-map/,http://documents.dps.ny.gov/public/Common/ViewDoc.aspx?DocRefId=%7B4A8305F4-BECF-46EE-B493-A088AA7AA8F6%7D&usg=AOvVaw2Yrkm30CAqrxvAShHegBAw,https://www.spglobal.com/marketintelligence/en/news-insights/latest-news-headlines/lacking-contract-ls-power-delays-major-battery-storage-station-in-ny-62467197,
Korea Zinc,ulsan,52,,,,korea,150,,32,Korea Zinc,,,hyundai ,,,,operation,2017-07-27,,2018-01-01,,,,,35.430406,129.340086,0,,,,https://pulsenews.co.kr/view.php?year=2017&no=505105,https://en.wikipedia.org/wiki/Battery_storage_power_station#cite_note-hei-78,https://www.koreazinc.co.kr/english/company/page/headOffice.aspx,
Seosan,seosan,53,,,,korea,140,,52,,,,hyundai ,,,,operation,,,2018-12-01,,,,,36.636988,126.363673,1,65MW solar farm support,,,https://en.wikipedia.org/wiki/Battery_storage_power_station,,,
Solaseado,Haenam County,54,,,jeolla,korea,305,,72,Kospo,,,hyundai ,,,,operation,,,2020-04-10,,,,,34.709899,126.41275,1,98MW solar farm support,not sure whether Solaseado  or Solasido is correct spelling,,https://krenewables.com/solar/kospo-ignites-koreas-biggest-pv-farm/,https://en.wikipedia.org/wiki/Battery_storage_power_station#cite_note-hei-78,,
Minety,Minety,55,,,,uk,133,,100,Penso Power / China Huaneng Group / CNIC,,,sungrow,,"LFP CATL, NMC Samsung",,operation,,2019-12-01,2020-12-01,,,,,51.605997,-2.003146,1,,"PPA from shell, when second stage is complete it will be 150MW/266MWh",https://www.pensopower.com/,https://en.wikipedia.org/wiki/Battery_storage_power_station#cite_note-nsenergy-minety-55,https://www.energy-storage.news/what-we-know-about-europes-largest-grid-connected-battery-project-so-far/,https://eclipsepower.co.uk/project/minety-battery-storage/,
Yorkshire,yorkshire,56,,,,uk,30,,27,,,,sungrow,,,,operation,,,2019-12-01,,,,,53.949604,-1.190935,0,34MW solar farm support,,,https://www.pv-tech.org/industry-updates/yorkshire-uk-europes-largest-unsubsidized-solar-plus-storage-project/,,,
Gateway Energy Project,London Gateway port/ essex,57,,,,uk,640,,320,Intergen,,,fluence,Gridstack,,,planning,2020-11-30,,,2024,,,,51.512649,0.493992,1,,,https://www.intergen.com/our-technologies/development-projects/gateway-energy-centre/,https://www.solarpowerportal.co.uk/news/intergen_unveil_uks_largest_battery_storage_project_with_320mw_essex_projec,,,
Spalding,spalding,58,,,,uk,350,,170,Intergen,,,fluence,,,,planning,2020-11-30,,,,,,,52.805112,-0.133741,0,,,https://www.intergen.com/our-technologies/development-projects/spalding-energy-park/,https://www.solarpowerportal.co.uk/news/intergen_unveil_uks_largest_battery_storage_project_with_320mw_essex_projec,,,
Antofagasta,Atacama Desert,59,,,,chile,560,,112,AES Gener,,,fluence,Sunstack,,,construction,,2020-10-19,,,,,,-24.014801,-68.58494,0,253MW solar farm support,,,https://www.energy-storage.news/aes-begins-work-on-560mwh-largest-battery-system-in-latin-america-for-solar-and-wind-in-chile/,https://www.renpp.eu/en/solar-project/andes-solar-park-1018,,
Desert Quartize,Riverside County,60,,,california,usa,600,,,EDF / Clean Power Alliance,,,,,,,planning,2020-01-15,,,2024,,,,33.586379,-114.785106,1,300MW solar farm support,,,https://eplanning.blm.gov/eplanning-ui/project/68211/570,https://www.blm.gov/press-release/blm-approves-desert-quartzite-solar-project-riverside-county,https://www.energy-storage.news/california-community-group-signs-ppa-for-edfs-300mw-desert-quartzite-solar-plus-storage-project/,
Rexford 1 Solar,Tulare County,61,,,california,usa,540,,180,8minute / Clean Power Alliance,,,,,,,planning,2020-09-11,,,2023,,,,35.853593,-119.051695,1,300MW solar farm support,"already a large solar farm visible on google maps, but the planning doc shows it will be on new locations between existing solar farm",https://www.8minute.com/energy-storage/,https://www.energy-storage.news/california-community-energy-group-signs-ppa-for-400mw-540mwh-solar-plus-storage-plant/,https://tularecounty.ca.gov/rma/index.cfm/planning-building/environmental-planning/environmental-impact-reports/rexford-solar-project-psp-19-073/,,
Eland Solar,Kern County,62,61168,,california,usa,1200,,300,8minute / Capital Dynamics / LADWP,,,,,,,planning,2020-01-22,,,2023,,,,35.198008,-117.991201,1,400MW solar farm support,"location from planning doc ** partially online in 2022, fully in 2023",,https://www.8minute.com/2020/01/capital-dynamics-and-8minute-solar-energy-partner-on-breakthrough-400mwac-eland-solar-storage-center/,https://www.google.com/url?sa=t&rct=j&q=&esrc=s&source=web&cd=&cad=rja&uact=8&ved=2ahUKEwix09fvk-vyAhW66uAKHedwDZAQFnoECAYQAQ&url=https%3A%2F%2Feplanning.blm.gov%2Fepl-front-office%2Fprojects%2Fnepa%2F1502112%2F20005846%2F250006857%2FAppendix_C1_Bio_Survey_Report_(1)-min.pdf&usg=AOvVaw3jm8ixiUB8lmbZmltyHkqP,,
Sonoran Energy Center,Buckeye,63,,,arizona,usa,1000,,260,Salt River Project,NextEra Energy Resources,,,,,,planning,,,,2023Q2,,,,33.174604,-112.709313,0,solar,,https://www.nexteraenergyresources.com/sonoran-solar/project-overview.html,https://pv-magazine-usa.com/2019/11/15/srp-joins-the-big-boys-of-battery-storage/,https://pv-magazine-usa.com/2021/08/11/nextera-will-build-a-solar-storage-project-with-salt-river-project-as-offtaker/,,
Blythe II Storage Project,Riverside County,64,60092,,california,usa,460,,115,Southern California Edison,,,Samsung,,Samsung,,operation,2013-04-22,,2021-02-16,,,,,33.676313,-114.75575,1,solar,"part of 523 MW / 2092 MWh of storage at Blythe-McCoy Solar & Storage Complex, TODO: source that samsung supplies batteries",,https://pv-magazine-usa.com/2020/05/02/southern-california-edison-wants-huge-770-mw-battery-storage-procurement-online-fast/,https://ieefa.org/nextera-brings-first-section-of-massive-california-battery-storage-complex-online/,,
Blythe III Storage Project,Riverside County,65,60094,,california,usa,460,,115,Southern California Edison,,,Samsung,,Samsung,,operation,,,2021-02-16,,,,,33.673021,-114.754474,1,solar,"part of 523 MW / 2092 MWh of storage at Blythe-McCoy Solar & Storage Complex, TODO: source that samsung supplies batteries",,https://pv-magazine-usa.com/2020/05/02/southern-california-edison-wants-huge-770-mw-battery-storage-procurement-online-fast/,,,
McCoy Storage Project,Riverside County,66,58462,,california,usa,920,,230,Southern California Edison,,,,,,,construction,,,,,,,,33.664118,-114.749852,1,250MW solar farm support,part of 523 MW / 2092 MWh of storage at Blythe-McCoy Solar & Storage Complex,,https://pv-magazine-usa.com/2020/05/02/southern-california-edison-wants-huge-770-mw-battery-storage-procurement-online-fast/,,,
Storey Energy Center,Coolidge,67,,,arizona,usa,264,,88,Salt River Project,NextEra Energy Resources,,,,,,planning,,,,2023Q2,,,,32.8882,-111.4978,1,88 MW solar farm support,,https://www.nexteraenergyresources.com/storey-solar.html,https://www.nexteraenergyresources.com/content/dam/neer/us/en/pdf/Storey%20Solar%20Open%20House%20Slides_final%20for%20NEER%20website.pdf,https://pv-magazine-usa.com/2019/11/15/srp-joins-the-big-boys-of-battery-storage/,,
Edwards Sanborn Solar Storage,Kern County,68,,,california,usa,2445,,346,Terra-Gen,,,,,LG & Samsung,,construction,2020-12-10,2021-02-01,,2022Q2,,,,34.911468,-117.889716,0,1118 MW solar farm support,"735 MWh in Q3 '21, 1501 MWh by Q2 2022.",,https://renewablesnow.com/news/terra-gen-secures-usd-800m-for-massive-solar-storage-project-in-california-749635/,https://pv-magazine-usa.com/2021/08/02/terra-gen-secures-800-million-in-financing-for-solar-storage-project-in-california/,https://pv-magazine-usa.com/2020/12/11/morning-brief-big-home-batteries-from-lg-energy-terra-gen-and-mortenson-start-on-worlds-largest-standalone-solar-and-storage-project/,
Tranquility Storage Retrofit,Cantua Creek,69,59939,,california,usa,288,,72,Southern California Edison,,,Powin,,Mitsubishi,,operation,,2021-05-01,2021-08-31,,,,,36.591626,-120.404965,1,200 MW solar farm support,LFP batteries,,https://www.prnewswire.com/news-releases/southern-power-to-add-battery-energy-storage-resources-to-two-california-solar-projects-301222296.html,https://www.renewableenergyworld.com/storage/mitsubishi-powin-to-provide-battery-storage-retrofits-to-california-solar-projects/#gref,,
Garland Storage Retrofit,Kern County,70,60233,,california,usa,352,,88,Southern California Edison,,,Powin,,Mitsubishi,,operation,,2021-05-01,2021-08-31,,,,,34.829699,-118.510184,1,200 MW solar farm support,LFP batteries,https://www.southernpowercompany.com/content/dam/southernpower/pdfs/fact-sheets/Garland_Energy_Storage_factsheet.pdf,https://www.prnewswire.com/news-releases/southern-power-to-add-battery-energy-storage-resources-to-two-california-solar-projects-301222296.html,https://www.renewableenergyworld.com/storage/mitsubishi-powin-to-provide-battery-storage-retrofits-to-california-solar-projects/#gref,,
Manatee,Parrish / Manatee County,71,60014,,florida,usa,900,,409,Florida Power and Light (FPL),,,,,,,construction,2019-03-01,2021-02-02,,,,,,27.598383,-82.349213,1,solar farm support,"Already 75% complete in August 2021, 132 shipping containers",,https://www.world-energy.org/article/19846.html,https://www.youtube.com/watch?v=ZYbvXAS9buQ,https://www.energy-storage.news/work-begins-on-409mw-900mwh-florida-battery-project-to-ease-natural-gas-plants-into-retirement/,
Crimson,Riverside County,72,,,california,usa,1400,,350,Recurrent Energy / Axium Infrastructure,,,,,,,planning,2021-05-04,,,,,,,33.705099,-115.804279,0,,"construction is expected to start in q3 2021, location is 35miles northwest of substation near blythe / colorado river substation",https://recurrentenergy.com/project-portfolio/#,https://www.energy-storage.news/canadian-solar-sells-majority-stake-in-1-4gwh-california-battery-energy-storage-project/,https://www.energy-storage.news/us-doi-gives-green-light-to-350mw-1400mwh-energy-storage-project-in-california/,,
Slate,Kings County,73,,,california,usa,561,,140,Recurrent Energy / Goldman Sachs Renewables Power (GSRP),,,,,,,construction,,2021-01-01,,,,,,36.227583,-119.877056,1,300MW solar farm support,,https://recurrentenergy.com/project/slate/,https://www.energy-storage.news/progress-report-some-more-of-us-biggest-battery-projects-taking-shape/,https://ceqanet.opr.ca.gov/2019069068/2,,
Mustang,Kings County,74,59150,,california,usa,300,,75,Recurrent Energy / Goldman Sachs Renewables Power (GSRP),,,byd,,LFP,,construction,2020-10-20,,,,,,,36.245785,-119.904115,0,100MW solar farm support,,https://recurrentenergy.com/project/mustang-solar-storage/,https://www.energy-storage.news/canadian-solar-will-retrofit-300mwh-of-batteries-at-goldman-sachss-mustang-solar-plant-california/,,,
Papago,Maricopa County,75,,,arizona,usa,1200,,300,Recurrent Energy,,,,,,,planning,2019-07-01,,,,,,,33.481046,-113.03863,1,300MW solar farm support,,https://recurrentenergy.com/project/papago/,https://www.maricopa.gov/AgendaCenter/ViewFile/Item/7254?fileID=56298,,,
Clay Tye,Upminster,76,,,essex,uk,198,,99,Harmony Energy Ltd / Fotowatio Renewable Ventures (FRV),,,tesla,megapack,,,construction,,2021-09-06,,,,,,51.552891,0.293464,0,,,,https://www.harmonyenergy.co.uk/general/work-starts-on-uks-largest-battery-project/,,,
Malita,Malita,77,,,,philippines,20,,20,SMC Global Power Holdings Corp,,,fluence,,,,operation,,,2021-06-09,,,,,6.398523,125.617282,1,,,,https://www.energy-storage.news/fluence-completes-first-projects-in-470mw-470mwh-philippines-battery-order/,,,
Toledo,Toledo,78,,,,philippines,20,,20,SMC Global Power Holdings Corp,,,Wartsila Energy,,,,operation,,,2021-06-01,,,,,10.388901,123.642096,0,,,,https://www.wartsila.com/media/news/01-06-2021-wartsila-finalises-commissioning-of-its-first-two-energy-storage-projects-in-the-philippines-2924518,https://www.eqmagpro.com/wartsila-commissions-60mw-60mwh-of-battery-storage-in-philippines/,,
Limay,Limay / Bataan,79,,,,philippines,40,,40,SMC Global Power Holdings Corp,,,Wartsila Energy,,,,operation,,,2021-06-01,,,,,14.545475,120.599531,1,,,,https://www.wartsila.com/media/news/01-06-2021-wartsila-finalises-commissioning-of-its-first-two-energy-storage-projects-in-the-philippines-2924518,https://www.eqmagpro.com/wartsila-commissions-60mw-60mwh-of-battery-storage-in-philippines/,,
Torrens Island,Adelaide,80,,,south australia,australia,250,,250,AGL Energy Limited,,,Wartsila Energy,,,,construction,2021-09-08,2021-11-29,,2023Q1,,,,-34.803262,138.523477,0,,"might become a 4h / 1000MWh system at a later stage, the coords are probably correct from the satellite image",,https://www.wartsila.com/media/news/09-08-2021-agl-and-wartsila-advance-frame-agreement-with-first-energy-storage-project-on-path-to-grid-decarbonisation-2954567,https://www.agl.com.au/about-agl/media-centre/asx-and-media-releases/2021/november/agl-media-release---agl-breaks-ground-for-torrens-island-grid-sc,,
Coventry Energy Superhub,Coventry,81,,,west midlands,uk,50,,100,Pivot Power (EDF Renewables),,,Wartsila Energy,,,,planning,2021-07-19,,,,,,,52.404409,-1.525063,0,EV charging support,,https://www.pivot-power.co.uk/our-projects/#,https://www.pivot-power.co.uk/press-release/pivot-power-expands-energy-superhub-model-across-west-midlands/,,,
Bustleholmel Energy Superhub,Sandwell,82,,,west midlands,uk,50,,100,Pivot Power (EDF Renewables),,,Wartsila Energy,,,,planning,2021-07-19,,,,,,,52.543952,-1.981982,0,EV charging support,,https://www.pivot-power.co.uk/our-projects/#,https://www.pivot-power.co.uk/press-release/pivot-power-expands-energy-superhub-model-across-west-midlands/,,,
Werne,Werne,83,,,nrw,germany,49,,45,RWE,,,,,,,planning,2021-07-26,,,2022Q4,,,,51.674854,7.712175,0,frequency balancing,estimated capacity as only total capacity of 2 sites was given in article,,https://www.rwe.com/unser-portfolio-leistungen/innovation-und-technik/projektvorhaben/megabatterie-plus-wasserkraft,https://www.energy-storage.news/rwe-builds-117mw-of-battery-systems-paired-with-run-of-river-hydropower/,,
Lingen,Lingen,84,,,lower saxony,germany,79,,72,RWE,,,,,,,planning,2021-07-26,,,2022Q4,,,,52.481565,7.300968,0,frequency balancing,estimated capacity as only total capacity of 2 sites was given in article,,https://www.rwe.com/unser-portfolio-leistungen/innovation-und-technik/projektvorhaben/megabatterie-plus-wasserkraft,https://www.energy-storage.news/rwe-builds-117mw-of-battery-systems-paired-with-run-of-river-hydropower/,,
Wunsiedel,Wunsiedel,85,,,bavaria,germany,200,,100,,Siemens,,fluence,,,,planning,2021-07-20,,,,,,,50.041482,12.029522,0,hydrogen plant support,2021: just a letter of intent,,https://www.energy-storage.news/siemens-and-fluence-to-build-renewables-integrating-100mw-200mwh-battery-project-in-germany/,,,
Luenen,Luenen,86,,,nrw,germany,13,,,,Mercedes Benz Energy / The Mobility House,,,ev battery,,1000,operation,,,2016-09-13,,,,,51.619937,7.471047,1,frequency balancing,second life EV battery storage with smart fortwo batteries,,https://www.mobilityhouse.com/int_en/magazine/press-releases/worlds-largest-2nd-use-battery-storage-is-starting-up.html/,https://www.youtube.com/watch?v=dDKVnp7_jrs,,
Hanover,Hanover,87,,,lower saxony,germany,17,,,enercity,Mercedes Benz Energy,,,ev battery,,3240,operation,,,2018-03-31,,,,,52.398301,9.681795,1,frequency balancing,first and second life EV battery storage with smart car batteries,,https://www.daimler.com/sustainability/resources/battery-storage-daimler-and-enercity.html,https://www.electrive.net/2017/10/23/daimler-batterie-ersatzteillager-fuer-elektroautos-am-netz/,https://www.youtube.com/watch?v=dDKVnp7_jrs,
Permian Energy Center,Andrews Country,88,63255,,texas,usa,40,,40,ExxonMobil,Orsted,,,,,,operation,,2019-11-01,2021-05-04,,,,,32.121853,-102.529659,1,420MW solar farm support,built on a depleted oil field in the Permian Basin ** 2018: 12 year PPA with Exxon Mobil ** got exact location from the 2020 amended agreement doc on texas.gov site,https://orsted.com/en/our-business/solar-and-battery-storage/our-solar-and-storage-centers,https://orsted.com/en/media/newsroom/news/2021/05/885212783010106,https://www.nsenergybusiness.com/projects/permian-energy-centre/#,https://comptroller.texas.gov/economy/local/ch313/agreement-docs-details.php?id=1411,
Carnegie Road,Liverpool,89,,,,uk,12,,20,,Orsted,,NEC Energy Solutions (LG),40ft container,,3,operation,,,2018-12-01,,,,,53.419403,-2.928747,1,,"according to energy-storage.news, NEC Energy Solutions was acquired by LG Energy solutions in September 2021 ** incident: fire at the site on 15.9.2020",https://orsted.com/en/our-business/solar-and-battery-storage/our-solar-and-storage-centers,https://www.energy-storage.news/nec-delivers-orsteds-first-20mw-standalone-grid-battery-project/,https://www.neces.com/experience#project-gallery,https://www.energy-storage.news/fire-at-20mw-uk-battery-storage-plant-in-liverpool/,
Jardelund,Jardelund,90,,,schleswig-holstein,germany,51,,48,,EnspireME (JV Eneco / Mitsubishi),,NEC Energy Solutions (LG),,,,operation,,2017-10-01,2018-04-01,,,,,54.851435,9.194775,1,frequency balancing,"according to energy-storage.news, NEC Energy Solutions was acquired by LG Energy solutions in September 2021",https://www.neces.com/project/jardelund-germany-48-mw-51-mwh-2/,https://www.youtube.com/watch?v=UheTmGO7BN0,https://www.energy-storage.news/50mwh-battery-completed-in-germany-claims-europes-largest-crown/,,
Oxford Energy Superhub,Cowley / Oxford,91,,,,uk,50,,50,,Pivot Power (EDF Renewables),,Wartsila Energy,,,,operation,,,2021-06-24,,,,,51.709722,-1.189592,1,EV charging support,Exact location from burnell website pictures,https://energysuperhuboxford.org/,https://www.euractiv.com/section/electricity/news/uks-first-grid-scale-battery-storage-system-comes-online-in-oxford/,https://www.burnell.uk.com/energy-superhub-oxford/,https://www.wartsila.com/energy/learn-more/references/utilities/energy-storage-pivot-power,
Kemsley Energy Superhub,Kemsley,92,,,kent,uk,50,,50,,Pivot Power (EDF Renewables),,Wartsila Energy,,,,construction,,2020-10-01,,,,,,51.352853,0.750917,0,,construction start date from youtube video,https://www.pivot-power.co.uk/our-projects/,https://www.wartsila.com/energy/learn-more/references/utilities/energy-storage-pivot-power,https://www.youtube.com/watch?v=od2h3syN8P4&t=2s,,
Mardyck,Dunkirk,93,,,,france,25,,25,RTE,Total,,Saft,Intensium Max 20 High Energy (20ft container),NMC,11,operation,,2020-10-01,2021-02-01,,,,,51.029549,2.252929,0,frequency balancing,saft is owned by total,,https://www.energy-storage.news/frances-biggest-battery-storage-system-at-25mw-goes-into-operation/,https://totalenergies.com/media/news/press-releases/total-build-largest-battery-based-energy-storage-project-france,https://www.saftbatteries.com/products-solutions/products/intensium�-max-20-high-energy,
Ringo-Vingeanne,Jalancourt,94,,,Cote-d’or,france,24,,12,RTE,,,Nidec ASI,40ft container,LG Chem NMC,,operation,,2019-10-01,2021-07-02,,,,,47.510967,5.367566,1,virtual transmission lines,rte website and energy storage news list two different capacities for site ** exact location from rte press photo which is close to lake ** 2021: it is an expirment which lasts for 3 years,,https://www.energy-storage.news/frances-grid-battery-experiments-take-aim-at-creating-market-fit-for-carbon-neutrality/,https://www.rte-france.com/actualites/le-projet-ringo-de-rte-accueille-ses-premiers-equipements-en-cote-dor,https://www.energy-storage.news/french-grid-operators-software-controlled-battery-experiment-begins/,
Ringo-Bellac,Bellac,95,,,haute-vienne,france,30,,10,RTE,,,Saft,,Tianneng,12,construction,,2020-12-01,,,,,,46.104588,1.04347,1,virtual transmission lines,2021: experiment which lasts for 3 years,,https://www.energy-storage.news/frances-grid-battery-experiments-take-aim-at-creating-market-fit-for-carbon-neutrality/,https://www.rte-france.com/projets/nos-projets/stocker-lelectricite-renouvelable-lexperimentation-ringo-bellac-haute-vienne,,
Ringo-Ventavon,Ventavon,96,,,,france,30,,10,RTE,,,Blue Solutions,Blue LMP,Bollore LMP,,construction,,2020-06-01,,,,,,44.344414,5.915866,1,virtual transmission lines,2021: experiment which lasts for 3 years,,https://www.energy-storage.news/frances-grid-battery-experiments-take-aim-at-creating-market-fit-for-carbon-neutrality/,https://www.rte-france.com/projets/nos-projets/stocker-lelectricite-lexperimentation-ringo-ventavon,https://www.engie-solutions.com/en/news/renewable-energy-storage,
Netzbooster Kupferzell,Kupferzell,97,,,bw,germany,250,,250,,TransnetBW,,,,,,planning,2019-12-01,,,2026Q1,200,EUR,0,49.232801,9.694664,0,virtual transmission lines,"this is a pilot project and still it takes 5 years to build, will be interesting how long they will take for real projects then, ca 200 Million Euro costs",https://www.transnetbw.de/de/netzentwicklung/projekte/netzbooster-pilotanlage/projektueberblick,https://www.transnetbw.de/files/pdf/netzentwicklung/projekte/netzbooster-pilotanlage/Vorstellung_Netzbooster.pdf,,,
Edwards,Edwards,98,,,illinois,usa,,,37,,Vistra Corp,,,,,,planning,2021-09-16,,,2025,,,,38.413627,-88.058471,0,,"the last of 8 projects will be done in 2025, so most likely earlier",,https://www.energy-storage.news/vistra-says-extraordinary-leadership-enabling-illinois-transition-away-from-coal/,https://investor.vistracorp.com/2021-09-15-State-of-Illinois-Enacts-Landmark-Energy-Transition-Legislation-That-Includes-Vistras-Coal-to-Solar-Energy-Storage-Initiative,,
Havana,Havana,99,,,illinois,usa,,,37,,Vistra Corp,,,,,,planning,2021-09-16,,,2025,,,,40.279711,-90.079133,0,,"the last of 8 projects will be done in 2025, so most likely earlier",,https://www.energy-storage.news/vistra-says-extraordinary-leadership-enabling-illinois-transition-away-from-coal/,https://investor.vistracorp.com/2021-09-15-State-of-Illinois-Enacts-Landmark-Energy-Transition-Legislation-That-Includes-Vistras-Coal-to-Solar-Energy-Storage-Initiative,,
EEI/Joppa,Joppa,100,,,illinois,usa,,,37,,Vistra Corp,,,,,,planning,2021-09-16,,,2025,,,,37.211346,-88.859049,0,,"the last of 8 projects will be done in 2025, so most likely earlier",,https://www.energy-storage.news/vistra-says-extraordinary-leadership-enabling-illinois-transition-away-from-coal/,https://investor.vistracorp.com/2021-09-15-State-of-Illinois-Enacts-Landmark-Energy-Transition-Legislation-That-Includes-Vistras-Coal-to-Solar-Energy-Storage-Initiative,,
Arroyo,McKinley County,101,63172,,new mexico,usa,600,,150,PNM,DE Shaw Renewable Investments (DSRI),Affordable Solar,tesla,megapack,,,planning,2020-12-03,,,2022Q4,450,USD,1,35.793205,-107.983534,0,300MW solar farm support,2021 Sep: project acquired by DSRI from Centaurus Renewable Energy ** the testimony link has a lot of info,,https://www.energy-storage.news/new-mexicos-largest-solar-plus-storage-plant-in-utility-coal-retirement-plan-acquired-by-de-shaw/,https://reneweconomy.com.au/new-mexico-utility-to-replace-coal-plant-with-four-solar-and-battery-projects-31989/,https://www.pnmforwardtogether.com/assets/uploads/replacement-plan-filing-july2019/07_Thomas_G_Fallgrenl.pdf,
Jicarilla,,102,,,new mexico,usa,80,,20,PNM,,,,,,,planning,2020-10-16,,,2022Q4,93,USD,1,36.269283,-107.562816,0,50MW solar farm support,,,https://reneweconomy.com.au/new-mexico-utility-to-replace-coal-plant-with-four-solar-and-battery-projects-31989/,,,
San Juan 1,,103,,,new mexico,usa,400,,100,PNM,,,,,,,planning,2020-10-16,,,2022Q4,430,USD,1,36.804042,-108.445356,0,200MW solar farm support,,,https://reneweconomy.com.au/new-mexico-utility-to-replace-coal-plant-with-four-solar-and-battery-projects-31989/,,,
201LC 8me,,104,,,new mexico,usa,120,,30,PNM,,,,,,,planning,2020-10-16,,,2022Q4,188,USD,1,35.619911,-107.815013,0,100MW solar farm support,,,https://reneweconomy.com.au/new-mexico-utility-to-replace-coal-plant-with-four-solar-and-battery-projects-31989/,,,
Gemini,Las Vegas,105,63352,,nevada,usa,1400,,380,,Primergy Solar (Quinbrook),,,,,,planning,2020-05-13,,,2023Q4,1000,USD,1,36.474167,-114.784706,1,690MW solar farm support,"from the planning docs, it seems battery containers will be split out across the solar farm, that is why the location was set to exact",https://www.primergysolar.com/portfolio,https://www.energy-storage.news/us-dept-of-interior-approves-690mw-nevada-solar-plant-with-1400mwh-energy-storage-component/,https://eplanning.blm.gov/eplanning-ui/project/100498/570,,
Iron Point,Humboldt County,106,,,nevada,usa,800,,200,,NV Energy,Primergy Solar (Quinbrook),,,,,planning,2021-06-03,,,2023Q4,,,,40.900046,-117.291845,1,250MW solar farm support,,,https://eplanning.blm.gov/eplanning-ui/project/2000966,https://www.energy-storage.news/solar-plus-batteries-chosen-to-replace-522mw-nevada-coal-plant/,https://renewablesnow.com/news/avangrid-renewables-primergy-to-jointly-push-600-mw-nevada-solar-storage-portfolio-748533/,
Hot Pot,Humboldt County,107,,,nevada,usa,1120,,280,,NV Energy,Primergy Solar (Quinbrook),,,,,planning,2021-06-03,,,2024Q4,,,,40.886191,-117.104592,0,350MW solar farm support,in the planning doc the project name also includes iron pot 2 solar plant,,https://www.energy-storage.news/solar-plus-batteries-chosen-to-replace-522mw-nevada-coal-plant/,https://eplanning.blm.gov/eplanning-ui/project/2013178/510,https://renewablesnow.com/news/avangrid-renewables-primergy-to-jointly-push-600-mw-nevada-solar-storage-portfolio-748533/,
Dry Lake,Clark County,108,63933,,nevada,usa,400,,100,,NV Energy,NV Energy,,,,,planning,2020-11-26,,,2023,,,,36.419928,-114.895856,1,150mw solar farm support,"in the planning doc, they list 3 BESS options, picked option 1 for the coordinates (but might be wrong)",,https://www.energy-storage.news/trio-of-solar-project-approvals-brings-nevada-utility-nv-energy-up-to-1000mw-storage-target/,https://eplanning.blm.gov/eplanning-ui/project/2000468/510,,
Boulder Solar III,Clark County,109,,,nevada,usa,232,,58,,NV Energy,174 PowerGlobal / KOMIPO,,,,,planning,2020-11-26,,,2023,,,,35.827801,-114.947397,0,128MW solar farm support,,,https://www.energy-storage.news/trio-of-solar-project-approvals-brings-nevada-utility-nv-energy-up-to-1000mw-storage-target/,,,
Chuckwella,Clark County,110,64558,,nevada,usa,720,,180,,NV Energy,EDF Renewables,,,,,planning,2020-11-26,,,2023,,,,36.501562,-114.818882,0,200 MW solar farm support,,https://www.chuckwallasolarprojectseis.com/about-the-projects.html,https://www.energy-storage.news/trio-of-solar-project-approvals-brings-nevada-utility-nv-energy-up-to-1000mw-storage-target/,,,
Bolster Substation,Glendale / Phoenix,111,,,arizona,usa,100,,25,,Salt River Project (SRP),,tesla,megapack,,32,operation,,,2021-09-16,,,,,33.553691,-112.212654,1,,,,https://media.srpnet.com/srps-largest-energy-storage-facility-now-online/,https://www.energy-storage.news/arizona-utility-srp-brings-online-25mw-100mwh-tesla-megapack-battery-storage-project/,,
Cascade,Stockton,112,61801,,california,usa,100,,25,PG&E,Broad Reach Power,Plus Power,SYL Battery (Risen Energy),,,,planning,2020-11-24,,,2022Q2,,,,37.921103,-121.24114,0,,,,https://ceqanet.opr.ca.gov/2020090414/2,https://www.energy-storage.news/broad-reach-power-orders-118mwh-ess-equipment-for-california-project-from-syl-battery/,,
Cranberry Point,Carver,113,62844,,massachusetts,usa,300,,150,,Plus Power,,,,,,planning,2021-02-11,,,2024H1,,,,41.896693,-70.786639,1,,,https://cranberrypointenergystorage.com/,https://www.greentechmedia.com/articles/read/plus-power-breaks-open-new-england-market-for-massive-batteries,,,
Cross Town,Gorham,114,,,maine,usa,350,,175,,Plus Power,,,,,,planning,2021-02-11,,,2024H1,,,,43.68383,-70.39786,0,,pretty sure the coords are correct from the rendered image and the substation found on cross town trail via google maps,,https://www.greentechmedia.com/articles/read/plus-power-breaks-open-new-england-market-for-massive-batteries,https://www.pluspower.com/home/crosstown,,
Bat Cave,Mason County,115,64312,,texas,usa,100,,100,,Broad Reach Power,Plus Power,,,,,construction,,2020-09-15,,2021,,,,30.71807,-99.369593,0,,"location from the broad reach power website, but do not think it is correct",https://broadreachpower.com/projects/,https://www.solarpowerworldonline.com/2020/09/texas-ipp-broad-reach-power-to-bring-200-mw-of-energy-storage-online-next-year/,,,
North Fork,Williamson County,116,64317,,texas,usa,100,,100,,Broad Reach Power,Plus Power,,,,,construction,,2020-09-15,,2021,,,,30.655335,-97.883739,0,,"location from the broad reach power website, but do not think it is correct",https://broadreachpower.com/projects/,https://www.solarpowerworldonline.com/2020/09/texas-ipp-broad-reach-power-to-bring-200-mw-of-energy-storage-online-next-year/,,,
Coso,"Coso Junction, Little Lake",117,63943,,california,usa,240,,60,,Arevon,Arevon,,,,,operation,,,2021-08-31,,,,,36.056513,-117.858611,0,,"took the location from arevon website, but on google maps satellite seems like an unlikely location",https://arevonenergy.com/location/coso/,,,,
Mohammed bin Rashid Al Maktoum Solar Park,Dubai,118,,,,uae,8,,1,,Dubai Electricity and Water Authority (DEWA),,tesla,megapack,,,operation,,,2021-09-27,,,,,24.765375,55.367443,0,1000MW solar farm support,,,https://www.asiantechpress.com/dubai-launches-pilot-project-for-energy-storage-with-tesla-megapack.html,https://www.pv-magazine.com/2021/09/27/teslas-storage-facility-comes-online-at-mohammed-bin-rashid-solar-park-in-dubai/,,
Bouldercombe,,119,,,queensland,australia,100,,50,,Genex Power,,tesla,megapack,,40,planning,2021-10-05,,,2023H1,,,,-23.537188,150.48991,0,,,https://www.genexpower.com.au/bouldercombe-battery-project.html,https://www.energy-storage.news/tesla-megapacks-picked-for-genex-powers-50mw-100mwh-battery-project-in-queensland-australia/,https://cleantechnica.com/2021/10/05/genex-power-will-use-40-tesla-megapacks-for-bouldercome-battery-project/,,
Poolbeg,Dublin,120,,,,ireland,150,,75,,ESB,,fluence,,,,planning,2021-09-30,,,2023Q1,,,,53.338696,-6.205066,0,,,https://blog.fluenceenergy.com/esb-fluence-complete-deal-largest-energy-storage-portfolio-europe,,,,
South Wall,Dublin,121,,,,ireland,60,,30,,ESB,,fluence,,,,planning,2021-09-30,,,2023Q1,,,,53.338662,-6.191852,0,,,https://blog.fluenceenergy.com/esb-fluence-complete-deal-largest-energy-storage-portfolio-europe,,,,
Aghada,Cork,122,,,,ireland,38,,,,ESB,,fluence,,,,planning,2021-01-08,,,2022Q1,,,,51.833728,-8.237095,0,,,https://www.pv-magazine.com/2021/01/08/irish-esb-to-add-100-mwh-of-fluence-storage-to-its-portfolio/,,,,
Inchicore,Dublin,123,,,,ireland,60,,,,ESB,,fluence,,,,planning,2021-01-08,,,2022Q1,,,,53.335521,-6.336714,0,,,https://www.pv-magazine.com/2021/01/08/irish-esb-to-add-100-mwh-of-fluence-storage-to-its-portfolio/,,,,
Xlinks (Marocco UK),,124,,,,marocco,20000,,5000,,xlinks,,,,,,planning,2020-12-04,,,2027,,,,28.127867,-11.599926,0,7000MW solar farm support ** 3500MW wind farm support ** remote generation for UK (3800km  HVDC cable),"2021: this is early stage and not guaranteed to happened, but putting it there as it is a very ambitious project and more of those are needed ** construction to start in 2025, the first systems to go onine in 2027 ** PPA at 48 GBP / Mwh ** the youtube video is a great overview",https://xlinks.co/morocco-uk-power-project/,https://www.greentechmedia.com/articles/read/xlinks-revives-desertecs-dream-with-a-few-twists,https://www.youtube.com/watch?v=iJunxkln578,,
Burwell,Burwell,125,,,cambridgeshire,uk,56,,50,,,SMS Plc,Trina Storage / CATL,,CATL LFP,157,construction,2021-10-12,,,2022Q1,,,,52.27859,0.316193,1,,,,https://www.energy-storage.news/energy-storage-product-launches-in-europe-from-major-chinese-solar-companies-trina-sungrow/,https://www.youtube.com/watch?v=PT1vRQdYuzE,,
Clermont,Lindenhurst,126,64236,,new york,usa,,,100,,Hecate Energy,,,,,,planning,,,,,,,,40.701265,-73.366732,0,,,https://www.hecateenergy.com/projects/,https://www.nyiso.com/documents/20142/1394430/NYISO-Interconnection-Queue-11-19-20.xlsx,,,
Intrepid,Oceanside,127,,,new york,usa,,,300,,Hecate Energy,,,,,,planning,,,,,,,,40.616803,-73.646401,0,,,https://www.hecateenergy.com/projects/,https://www.nyiso.com/documents/20142/1394430/NYISO-Interconnection-Queue-11-19-20.xlsx,,,
Swiftsure,Staten Island,128,64235,,new york,usa,,,650,,Hecate Energy,,,,,,planning,,,,,,,,40.602891,-74.178441,0,,,https://www.hecateenergy.com/projects/,https://www.nyiso.com/documents/20142/1394430/NYISO-Interconnection-Queue-11-19-20.xlsx,,,
Chapel Farm,Luton,129,,,,uk,99,,49,,Tag Energy,Harmony Energy,tesla,megapack,LFP,,planning,2021-11-16,,,2023Q1,50,GBP,,51.925835,-0.49999903,0,,extrapolated the cost from the 60 million investment for 60% and then split it across both projects mentioned in article,,https://reneweconomy.com.au/tag-energy-to-use-tesla-megapacks-in-two-new-battery-storage-projects-in-uk/,,,
Jamesfield Farm,Abernethy,130,,,,uk,98,,49,,Tag Energy,Harmony Energy,tesla,megapack,LFP,,planning,2021-11-16,,,2023Q1,50,GBP,,56.342815,-3.2915692,0,,extrapolated the cost from the 60 million investment for 60% and then split it across both projects mentioned in article,,https://reneweconomy.com.au/tag-energy-to-use-tesla-megapacks-in-two-new-battery-storage-projects-in-uk/,,,
Scampitella,,131,,,,italy,72,,10,,Terna,,NGK / fluence,,sodium sulfur,,operation,,,2016-01-01,,,,,41.082553,15.342974,1,,"fluence claims it is from them, but in the nidec pdf the also mention it, not quite sure...",,https://www.terna.it/en/electric-system/system-innovation/pilot-storage-projects,https://blog.fluenceenergy.com/enel-x-taps-fluence-gridstack-storage-product-to-deliver-fast-reserve-services-in-italy,https://www.nidec-industrial.com/wp-content/uploads/2017/07/DEP2015.03.30.04EN.Case-Study_Terna.pdf,
Ginestra,,132,,,,italy,80,,12,,Terna,,NGK / nidec,,sodium sulfur,,operation,,,2016-01-01,,,,,41.285189,15.072551,1,,,,https://www.terna.it/en/electric-system/system-innovation/pilot-storage-projects,https://www.nidec-industrial.com/wp-content/uploads/2017/07/DEP2015.03.30.04EN.Case-Study_Terna.pdf,https://www.ngk-insulators.com/en/product/nas-solutions.html,
Flumeri,,133,,,,italy,80,,12,,Terna,,NGK / nidec,,sodium sulfur,,operation,,,2016-01-01,,,,,41.067966,15.123332,1,,,,https://www.terna.it/en/electric-system/system-innovation/pilot-storage-projects,https://www.nidec-industrial.com/wp-content/uploads/2017/07/DEP2015.03.30.04EN.Case-Study_Terna.pdf,,
Thailand (name tbd),,134,,,,thailand,136,,45,,Super Energy,,sungrow,,,,planning,2021-11-16,,,2022Q4,,,,14.334678,100.052398,0,49MW solar farm support,,,https://www.energy-storage.news/sungrow-is-supplier-to-thai-solar-plus-storage-project-featuring-southeast-asias-biggest-bess/,,,
Loy Yang,,135,,,victoria,australia,800,,200,,AGL Energy Limited,,,,,,planning,,,,,,,,-38.254578,146.581076,0,at coal power plant,,,https://www.agl.com.au/about-agl/media-centre/asx-and-media-releases/2021/november/agl-loy-yang-s-proposed-battery-receives-planning-approval,,,
Liddell,,136,,,new south wales,australia,,,150,,AGL Energy Limited,,,,,,planning,2021-05-07,,,,,,,-32.371786,150.972683,0,at coal power plant,could not find mwh info,,https://www.pv-magazine-australia.com/2021/05/07/agl-pushes-ahead-with-renewable-energy-plans-for-liddell-site/,,,
Waikato (name tbd),,137,,,,new zealand,,,35,,WEL Networks,Infratec,,,,,construction,,2021-10-18,,2022Q3,17,USD,0,-37.519913,175.054654,0,,,,https://www.energy-storage.news/new-zealands-first-grid-scale-battery-storage-system-project-nears-start-of-construction/,,,
Hazelwood,LaTrobe Valley,138,,,victoria,australia,150,,150,,Macquarie’s Green Investment Group / Engie,,fluence,,,,construction,,2021-12-01,,2022Q3,,,,-38.271456,146.390309,0,at coal power plant,will benefit from unused transmission capacity of old power plant,,https://www.energy-storage.news/150mw-privately-funded-battery-project-is-latest-in-australia-to-repurpose-fossil-fuel-plant-site/,,,
Vilnius,,139,,,,lithuania,50,,50,,EPSO-G / Energy Cells,,fluence,,,,planning,2021-12-08,,,2022Q3,27,EUR,0,54.651925,25.240645,0,transmission network support,"split capacity and costs in 4 projects, only the sum mentioned in article",,https://www.energy-storage.news/government-led-consortium-launches-200mw-rollout-of-battery-storage-to-aid-lithuanias-transmission-network/,,,
Siauliai,,140,,,,lithuania,50,,50,,EPSO-G / Energy Cells,,fluence,,,,planning,2021-12-08,,,2022Q3,27,EUR,0,55.916586,23.307078,0,transmission network support,"split capacity and costs in 4 projects, only the sum mentioned in article",,https://www.energy-storage.news/government-led-consortium-launches-200mw-rollout-of-battery-storage-to-aid-lithuanias-transmission-network/,,,
Alytus,,141,,,,lithuania,50,,50,,EPSO-G / Energy Cells,,fluence,,,,planning,2021-12-08,,,2022Q3,27,EUR,0,54.405809,24.011371,0,transmission network support,"split capacity and costs in 4 projects, only the sum mentioned in article",,https://www.energy-storage.news/government-led-consortium-launches-200mw-rollout-of-battery-storage-to-aid-lithuanias-transmission-network/,,,
Utena,,142,,,,lithuania,50,,50,,EPSO-G / Energy Cells,,fluence,,,,planning,2021-12-08,,,2022Q3,27,EUR,0,55.505378,25.595541,0,transmission network support,"split capacity and costs in 4 projects, only the sum mentioned in article",,https://www.energy-storage.news/government-led-consortium-launches-200mw-rollout-of-battery-storage-to-aid-lithuanias-transmission-network/,,,
,,,,,,,,,,,,,,,,,,,,,,,,,,,,,,,,,,
Searcy Solar Hybrid,,143,62617,1,arkansas,usa,,20,10,,"Searcy Solar, LLC",,,,,,construction,,,,2021-12,,,,,,,,,,,,,
Red Antelope Solar & Energy Storage Farm,,143,64208,1,arizona,usa,,1000,500,,302PN 8me LLC,,,,,,planning,,,,2023-06,,,,,,,,,,,,,
Atlas,,144,63798,1,arizona,usa,,600,300,,174 Power Global Corp.,,,,,,planning,,,,2022-12,,,,,,,,,,,,,
El Sol BESS,,145,62964,1,arizona,usa,,100,50,,Arizona Public Service Co,,,,,,planning,,,,2022-12,,,,,,,,,,,,,
Foothills Solar Plant Hybrid,,146,57997,1,arizona,usa,,76,38,,Arizona Public Service Co,,,,,,planning,,,,2022-12,,,,,,,,,,,,,
Gila Bend Hybrid,,147,59020,1,arizona,usa,,72,36,,Arizona Public Service Co,,,,,,planning,,,,2022-12,,,,,,,,,,,,,
Wilmot Energy Center LLC,,148,64426,1,arizona,usa,,60,30,,Wilmot Energy Center LLC,,,,,,operation,,,2021-04-01,,,,,,,,,,,,,,
Agua Fria,,149,141,1,arizona,usa,,50,25,,Salt River Project,,,,,,construction,,,,2021-09,,,,,,,,,,,,,
Cotton Center Solar Hybrid,,150,57561,1,arizona,usa,,34,17,,Arizona Public Service Co,,,,,,planning,,,,2022-12,,,,,,,,,,,,,
Paloma Solar Hybrid,,151,57562,1,arizona,usa,,34,17,,Arizona Public Service Co,,,,,,planning,,,,2022-12,,,,,,,,,,,,,
Hyder Solar Hybrid,,152,57563,1,arizona,usa,,32,16,,Arizona Public Service Co,,,,,,planning,,,,2022-12,,,,,,,,,,,,,
Hyder II Hybrid,,153,58383,1,arizona,usa,,28,14,,Arizona Public Service Co,,,,,,planning,,,,2022-12,,,,,,,,,,,,,
Desert Star Hybrid,,154,62965,1,arizona,usa,,20,10,,Arizona Public Service Co,,,,,,planning,,,,2022-12,,,,,,,,,,,,,
Desert Star Hybrid,,155,59444,1,arizona,usa,,20,10,,Arizona Public Service Co,,,,,,planning,,,,2022-06,,,,,,,,,,,,,
Bellefield 2 Solar & Energy Storage Farm,,143,64209,1,california,usa,,1000,500,,26SB 8me LLC,,,,,,planning,,,,2023-06,,,,,,,,,,,,,
Bellefield Solar and Energy Storage Farm,,144,64210,1,california,usa,,1000,500,,50LW 8me LLC,,,,,,planning,,,,2023-06,,,,,,,,,,,,,
Kingsley Solar Farm,,145,64634,1,california,usa,,720,360,,"90FI 8me, LLC",,,,,,planning,,,,2024-06,,,,,,,,,,,,,
Rexford Solar Farm,,146,64633,1,california,usa,,600,300,,20SD 8me LLC,,,,,,planning,,,,2023-04,,,,,,,,,,,,,
Aratina Solar Center 2,,147,64215,1,california,usa,,400,200,,45MG 8me LLC,,,,,,planning,,,,2023-06,,,,,,,,,,,,,
Big Rock Solar Farm,,148,64636,1,california,usa,,400,200,,"92JT 8me, LLC",,,,,,planning,,,,2022-12,,,,,,,,,,,,,
Sienna Solar Farm,,149,64632,1,california,usa,,400,200,,"99MT 8me, LLC",,,,,,planning,,,,2024-12,,,,,,,,,,,,,
"Eland Solar & Storage Center, Phase 2 Hybrid",,150,61169,1,california,usa,,300,150,,69SV 8me LLC,,,,,,planning,,,,2023-07,,,,,,,,,,,,,
Daggett 3,,151,64852,1,california,usa,,288,144,,Daggett Solar Power 3 LLC,,,,,,planning,,,,2022-12,,,,,,,,,,,,,
Arlington Energy Center II,,152,64481,1,california,usa,,264,132,,Arlington Energy Center II,,,,,,construction,,,,2022-08,,,,,,,,,,,,,
Daggett 2,,153,64851,1,california,usa,,262,131,,Daggett Solar Power 2 LLC,,,,,,planning,,,,2023-06,,,,,,,,,,,,,
"Fifth Standard Solar PV, LLC (Hybrid)",,154,64197,1,california,usa,,234,117,,RWE Renewables Americas LLC,,,,,,planning,,,,2022-09,,,,,,,,,,,,,
Resurgence Solar,,155,64489,1,california,usa,,230,115,,Resurgence Solar,,,,,,planning,,,,2022-12,,,,,,,,,,,,,
Luna Storage,,156,63685,1,california,usa,,200,100,,"Luna Storage, LLC",,,,,,construction,,,,2021-10,,,,,,,,,,,,,
Sanborn BESS 1,,157,64712,1,california,usa,,200,100,,Terra-Gen Operating Co-BESS,,,,,,construction,,,,2021-09,,,,,,,,,,,,,
Sanborn BESS 2,,158,64713,1,california,usa,,200,100,,Terra-Gen Operating Co-BESS,,,,,,construction,,,,2021-10,,,,,,,,,,,,,
Noosa Energy Storage LLC,,159,64531,1,california,usa,,198,99,,Noosa Energy Storage LLC,,,,,,planning,,,,2023-10,,,,,,,,,,,,,
JVR Energy Park LLC,,160,64428,1,california,usa,,140,70,,JVR Energy Park LLC,,,,,,planning,,,,2022-12,,,,,,,,,,,,,
"Blythe Solar 110, LLC",,161,60093,1,california,usa,,126,63,,"Blythe Solar 110, LLC",,,,,,operation,,,2021-06-01,,,,,,,,,,,,,,
Cal Flats BESS,,162,63930,1,california,usa,,120,60,,"CD Arevon USA, Inc.",,,,,,construction,,,,2021-10,,,,,,,,,,,,,
Slate Hybrid,,163,63727,1,california,usa,,100,50,,RE Slate 1 LLC,,,,,,construction,,,,2022-03,,,,,,,,,,,,,
Aratina Solar Center 1 Hybrid,,164,61167,1,california,usa,,100,50,,91MC 8me LLC,,,,,,planning,,,,2023-09,,,,,,,,,,,,,
"Maverick Solar 6, LLC",,165,64105,1,california,usa,,100,50,,"Maverick Solar 6, LLC",,,,,,construction,,,,2021-12,,,,,,,,,,,,,
Hudson - High Desert Hybrid,,166,64624,1,california,usa,,100,50,,Goldman Sachs Renewable Power Group,,,,,,construction,,,,2021-09,,,,,,,,,,,,,
Arlington Energy Center III,,167,64564,1,california,usa,,94,47,,Arlington Energy Center III,,,,,,construction,,,,2022-12,,,,,,,,,,,,,
Painter Energy Storage,,168,62729,1,california,usa,,80,40,,"Painter Energy Storage, LLC",,,,,,planning,,,,2022-09,,,,,,,,,,,,,
Fallbrook Energy Storage,,169,61365,1,california,usa,,80,40,,San Diego Gas & Electric Co,,,,,,construction,,,,2021-12,,,,,,,,,,,,,
EDPR CA Solar Park VI LLC (CA) Hybrid,,170,62892,1,california,usa,,80,40,,EDPR CA Solar Park VI LLC,,,,,,planning,,,,2022-12,,,,,,,,,,,,,
Dynegy Oakland Power Plant,,171,6211,1,california,usa,,72.6,36.3,,"Dynegy Oakland, LLC",,,,,,planning,,,,2022-12,,,,,,,,,,,,,
Edwards Sanborn E1A,,172,64878,1,california,usa,,72,36,,Terra-Gen Operating Co-Hybrid,,,,,,construction,,,,2022-05,,,,,,,,,,,,,
Desert Harvest II LLC,,173,64103,1,california,usa,,70,35,,Desert Harvest II LLC,,,,,,operation,,,2021-01-01,,,,,,,,,,,,,,
Edwards Sanborn E2,,174,64879,1,california,usa,,66,33,,Terra-Gen Operating Co-Hybrid,,,,,,construction,,,,2021-12,,,,,,,,,,,,,
Top Gun Energy Storage,,175,61366,1,california,usa,,60,30,,San Diego Gas & Electric Co,,,,,,operation,,,2021-06-01,,,,,,,,,,,,,,
"Johanna Energy Center, LLC",,176,63843,1,california,usa,,40,20,,"Johanna Energy Center, LLC",,,,,,operation,,,2021-06-01,,,,,,,,,,,,,,
Renz Energy Storage,,177,63529,1,california,usa,,40,20,,Pacific Gas & Electric Co.,,,,,,planning,,,,2022-05,,,,,,,,,,,,,
Edwards Sanborn E3     ,,178,64877,1,california,usa,,24,12,,Terra-Gen Operating Co-Hybrid,,,,,,construction,,,,2021-12,,,,,,,,,,,,,
Silverstrand Grid Energy Storage System,,179,63735,1,california,usa,,22,11,,"Silverstrand Grid, LLC",,,,,,operation,,,2021-04-01,,,,,,,,,,,,,,
Camino Solar,,180,63508,1,california,usa,,22,11,,Avangrid Renewables LLC,,,,,,planning,,,,2022-05,,,,,,,,,,,,,
Stanton Energy Reliability Center Hybrid,,181,60698,1,california,usa,,20,10,,"Wellhead Energy, LLC",,,,,,operation,,,2020-08-01,,,,,,,,,,,,,,
Henrietta D Energy Storage LLC,,182,60641,1,california,usa,,20,10,,Convergent Energy and Power LP,,,,,,construction,,,,2021-09,,,,,,,,,,,,,
Hecate Energy Johanna Facility,,183,62889,1,california,usa,,20,10,,"Hecate Grid, LLC",,,,,,construction,,,,2021-09,,,,,,,,,,,,,
Goleta Grid Resiliency,,184,63736,1,california,usa,,20,10,,esVolta LP,,,,,,planning,,,,2022-09,,,,,,,,,,,,,
Chevron - Lost Hills Hybrid,,185,63545,1,california,usa,,20,10,,Goldman Sachs Renewable Power Group,,,,,,planning,,,,2022-02,,,,,,,,,,,,,
"Sierra Energy Storage, LLC",,186,61803,1,california,usa,,20,10,,"Enel Green Power NA, Inc.",,,,,,planning,,,,2022-12,,,,,,,,,,,,,
Sierra,,187,64320,1,california,usa,,20,10,,Broad Reach Power,,,,,,construction,,,,2021-10,,,,,,,,,,,,,
Kearny North Energy Storage,,188,64612,1,california,usa,,20,10,,San Diego Gas & Electric Co,,,,,,construction,,,,2021-10,,,,,,,,,,,,,
Kearny South Energy Storage,,189,64614,1,california,usa,,20,10,,San Diego Gas & Electric Co,,,,,,construction,,,,2021-10,,,,,,,,,,,,,
Neptune Energy Center Hybrid,,143,63731,1,colorado,usa,,250,125,,"Neptune Energy Center, LLC",,,,,,planning,,,,2022-12,,,,,,,,,,,,,
Thunder Wolf Energy Center Hybrid,,144,63776,1,colorado,usa,,200,100,,"Thunder Wolf Energy Center, LLC",,,,,,planning,,,,2022-12,,,,,,,,,,,,,
Pike Solar Hybrid,,145,64212,1,colorado,usa,,50,25,,Pike Solar LLC,,,,,,planning,,,,2023-12,,,,,,,,,,,,,
Pure Hedge LLC,,143,50736,1,connecticut,usa,,40,20,,Pure Hedge LLC,,,,,,construction,,,,2022-01,,,,,,,,,,,,,
Trenton,,143,63995,1,florida,usa,,22,11,,"Duke Energy Florida, LLC",,,,,,construction,,,,2021-09,,,,,,,,,,,,,
Cool Springs Solar (Hybrid),,143,63721,1,georgia,usa,,80,40,,"Cool Springs Solar, LLC",,,,,,construction,,,,2021-11,,,,,,,,,,,,,
Kupehau,,143,63799,1,hawaii,usa,,120,60,,174 Power Global Corp.,,,,,,planning,,,,2022-06,,,,,,,,,,,,,
AES Maui Kuihelani Solar Hybrid,,144,64256,1,hawaii,usa,,120,60,,AES Distributed Energy,,,,,,planning,,,,2022-12,,,,,,,,,,,,,
Ho'Ohana Solar 1,,145,63723,1,hawaii,usa,,104,52,,Ho'Ohana Solar 1 LLC,,,,,,planning,,,,2022-09,,,,,,,,,,,,,
AES Waikoloa Solar Hybrid,,146,63900,1,hawaii,usa,,60,30,,AES Distributed Energy,,,,,,planning,,,,2022-11,,,,,,,,,,,,,
Hale Kuawehi Solar Hybrid,,147,62529,1,hawaii,usa,,60,30,,Hale Kuawehi Solar LLC,,,,,,planning,,,,2022-12,,,,,,,,,,,,,
"Kahana Solar, LLC",,148,64095,1,hawaii,usa,,40,20,,"Kahana Solar, LLC",,,,,,planning,,,,2023-12,,,,,,,,,,,,,
Paeahu Solar Hybrid,,149,62534,1,hawaii,usa,,30,15,,Paeahu Solar LLC,,,,,,planning,,,,2023-04,,,,,,,,,,,,,
"Barbers Point Solar, LLC",,150,64094,1,hawaii,usa,,30,15,,"Barbers Point Solar, LLC",,,,,,planning,,,,2023-12,,,,,,,,,,,,,
"AES Kekaha Solar, LLC Hybrid",,151,63280,1,hawaii,usa,,28,14,,AES Distributed Energy,,,,,,operation,,,2021-04-01,,,,,,,,,,,,,,
AES West Oahu Solar Hybrid,,152,64656,1,hawaii,usa,,25,12.5,,AES Distributed Energy,,,,,,planning,,,,2022-09,,,,,,,,,,,,,
Outer Cape Community Battery,,143,62604,1,massachusetts,usa,,50,25,,Eversource,,,,,,construction,,,,2021-09,,,,,,,,,,,,,
"South Portland ESS, LLC",,143,64616,1,maine,usa,,20,10,,"South Portland ESS, LLC",,,,,,planning,,,,2023-01,,,,,,,,,,,,,
OE_MS5,,143,64529,1,mississippi,usa,,100,50,,OE_MS5,,,,,,planning,,,,2022-12,,,,,,,,,,,,,
Haymaker Hybrid,,143,63878,1,montana,usa,,400,200,,Haymaker Energy Project LLC,,,,,,planning,,,,2022-12,,,,,,,,,,,,,
"Grissom Solar, LLC",,143,64450,1,north carolina,usa,,20,10,,"Grissom Solar, LLC",,,,,,operation,,,2021-05-01,,,,,,,,,,,,,,
Rockmont Solar and Storage Project,,143,64216,1,new mexico,usa,,60,30,,201LC 8me LLC,,,,,,planning,,,,2022-06,,,,,,,,,,,,,
Taos Mesa Energy Facility Hybrid,,144,63728,1,new mexico,usa,,24,12,,"Taos Mesa Energy Facility, LLC",,,,,,planning,,,,2021-09,,,,,,,,,,,,,
Southern Bighorn Solar Hybrid,,143,63113,1,nevada,usa,,270,135,,300MS 8me LLC,,,,,,planning,,,,2023-09,,,,,,,,,,,,,
Townsite Solar Project Hybrid,,144,60654,1,nevada,usa,,180,90,,"Townsite Solar, LLC",,,,,,construction,,,,2021-11,,,,,,,,,,,,,
Arrow Canyon Solar Hybrid,,145,62248,1,nevada,usa,,150,75,,Arrow Canyon Solar LLC,,,,,,planning,,,,2022-12,,,,,,,,,,,,,
Dodge Flat,,146,63913,1,nevada,usa,,100,50,,"Dodge Flat Solar, LLC",,,,,,construction,,,,2021-12,,,,,,,,,,,,,
Fish Springs,,147,64148,1,nevada,usa,,50,25,,"Fish Springs Ranch Solar, LLC",,,,,,construction,,,,2021-12,,,,,,,,,,,,,
Battle Mountain Solar Project,,148,61098,1,nevada,usa,,50,25,,Consolidated Edison Development Inc.,,,,,,operation,,,2021-06-01,,,,,,,,,,,,,,
NISA Electric Generation Project,,143,61331,1,new york,usa,,600,300,,NYC ENERGY LLC,,,,,,planning,,,,2023-11,,,,,,,,,,,,,
NY2 Battery,,144,63584,1,new york,usa,,400,200,,Key Capture Energy,,,,,,planning,,,,2022-11,,,,,,,,,,,,,
Willis Battery Storage,,145,63238,1,new york,usa,,40,20,,New York Power Authority,,,,,,construction,,,,2022-03,,,,,,,,,,,,,
Orangeville Storage,,146,64686,1,new york,usa,,40,20,,Invenergy Services LLC,,,,,,construction,,,,2021-10,,,,,,,,,,,,,
Skeleton Creek Energy Center Hybrid,,143,62494,1,oklahoma,usa,,400,200,,Skeleton Creek Energy Center,,,,,,planning,,,,2023-12,,,,,,,,,,,,,
Rush Springs Energy Storage (BA),,144,63458,1,oklahoma,usa,,20,10,,Rush Springs Energy Storage,,,,,,operation,,,2020-03-01,,,,,,,,,,,,,,
Wheatridge Hybrid,,143,62745,1,oregon,usa,,60,30,,"Wheatridge Wind Holdings, LLC",,,,,,planning,,,,2021-12,,,,,,,,,,,,,
Vonore Battery Energy Storage System,,143,64255,1,tennessee,usa,,40,20,,Tennessee Valley Authority,,,,,,planning,,,,2022-07,,,,,,,,,,,,,
"Blue Jay Solar I, LLC",,143,64672,1,texas,usa,,420,210,,"Blue Jay Solar I, LLC",,,,,,construction,,,,2021-12,,,,,,,,,,,,,
"Azure Sky Wind Project, LLC Hybrid",,144,64164,1,texas,usa,,240,120,,"Azure Sky Wind Project, LLC",,,,,,construction,,,,2022-03,,,,,,,,,,,,,
Chisholm Grid Energy Storage System,,145,63737,1,texas,usa,,200,100,,"Chisholm Grid, LLC",,,,,,construction,,,,2021-09,,,,,,,,,,,,,
Madero Grid,,146,63757,1,texas,usa,,200,100,,"Madero Grid, LLC",,,,,,construction,,,,2022-04,,,,,,,,,,,,,
TX17 Nickel Prairie Storage,,147,63880,1,texas,usa,,200,100,,Key Capture Energy,,,,,,planning,,,,2022-12,,,,,,,,,,,,,
TX18 Cottage Meadow Storage,,148,63879,1,texas,usa,,200,100,,Key Capture Energy,,,,,,planning,,,,2022-03,,,,,,,,,,,,,
Ignacio Grid Energy Storage System,,149,64089,1,texas,usa,,200,100,,"Ignacio Grid, LLC",,,,,,construction,,,,2022-05,,,,,,,,,,,,,
Forest Grove - Dodd,,150,64131,1,texas,usa,,200,100,,Renewable Energy Ventures LLC,,,,,,planning,,,,2024-03,,,,,,,,,,,,,
Azure Sky Solar,,151,63905,1,texas,usa,,154,77,,"Azure Sky Solar Project, LLC",,,,,,construction,,,,2021-09,,,,,,,,,,,,,
Ranchland Wind Storage,,152,64545,1,texas,usa,,146,73,,"Ranchland Wind Storage, LLC",,,,,,planning,,,,2022-03,,,,,,,,,,,,,
Lily Solar Hybrid,,153,63892,1,texas,usa,,100,50,,"Lily Solar, LLC",,,,,,construction,,,,2021-09,,,,,,,,,,,,,
TREX US Red Holly,,154,63202,1,texas,usa,,100,50,,TREX US Red Holly LLC,,,,,,planning,,,,2022-05,,,,,,,,,,,,,
"High Lonesome Wind Power, LLC Hybrid",,155,62562,1,texas,usa,,100,50,,"High Lonesome Wind Power, LLC",,,,,,planning,,,,2022-07,,,,,,,,,,,,,
"Roadrunner, LLC Hybrid",,156,62561,1,texas,usa,,100,50,,"Roadrunner Solar, LLC",,,,,,planning,,,,2022-05,,,,,,,,,,,,,
Darien Solar,,143,64534,1,wisconsin,usa,,150,75,,Wisconsin Electric Power Co,,,,,,planning,,,,2023-12,,,,,,,,,,,,,
