year,month,entity id,entity name,plant producer type,plant name,plant state,plant id,generator id,net summer capacity (mw),technology,energy source code,prime mover code,status,status_verbose,ext_id,date
2022,1,19558,Homer Electric Assn Inc,Electric Utility,Soldotna,AK,57206,3,46.5,Batteries,MWH,BA,operation,operation,57206,2022-01
2022,1,62109,"Searcy Solar, LLC",IPP,Searcy Solar Hybrid,AR,62617,SEABT,10,Batteries,MWH,BA,operation,operation,62617,2022-01
2022,2,61944,Goldman Sachs Renewable Power LLC,IPP,Slate Hybrid,CA,63727,SLBSV,46.5,Batteries,MWH,BA,operation,operation,63727,2022-02
2022,2,16609,San Diego Gas & Electric Co,Electric Utility,Kearny North Energy Storage,CA,64612,KNES,10,Batteries,MWH,BA,operation,operation,64612,2022-02
2022,2,16609,San Diego Gas & Electric Co,Electric Utility,Kearny South Energy Storage,CA,64614,KSES,10,Batteries,MWH,BA,operation,operation,64614,2022-02
2022,3,63578,"Dodge Flat Solar, LLC",IPP,Dodge Flat,NV,63913,DODGB,50,Batteries,MWH,BA,operation,operation,63913,2022-03
2022,3,63772,"Fish Springs Ranch Solar, LLC",IPP,Fish Springs,NV,64148,FISHB,25,Batteries,MWH,BA,operation,operation,64148,2022-03
2022,3,61944,Goldman Sachs Renewable Power LLC,IPP,Slate Hybrid,CA,63727,SLB3C,33.8,Batteries,MWH,BA,operation,operation,63727,2022-03
2022,3,61944,Goldman Sachs Renewable Power LLC,IPP,Slate Hybrid,CA,63727,SLBPW,10,Batteries,MWH,BA,operation,operation,63727,2022-03
2022,3,17650,Southern Power Co,IPP,RE Tranquillity,CA,59939,BESS2,35,Batteries,MWH,BA,operation,operation,59939,2022-03
2022,3,62668,"Wheatridge Wind Holdings, LLC",IPP,Wheatridge Hybrid,OR,62745,BTRY,30,Batteries,MWH,BA,operation,operation,62745,2022-03
2022,4,64172,Arevon Asset Management,IPP,Coso Battery Storage,CA,63943,61730,60,Batteries,MWH,BA,operation,operation,63943,2022-04
2022,4,61684,"Diablo Energy Storage, LLC",IPP,Diablo Energy Storage,CA,62175,DIBLO,200,Batteries,MWH,BA,operation,operation,62175,2022-04
2022,4,61944,Goldman Sachs Renewable Power LLC,IPP,Slate Hybrid,CA,63727,SLBES,50,Batteries,MWH,BA,operation,operation,63727,2022-04
2022,4,14328,Pacific Gas & Electric Co.,Electric Utility,Elkhorn Battery Energy Storage System,CA,62564,ELKHO,182.5,Batteries,MWH,BA,operation,operation,62564,2022-04
2022,4,64366,Terra-Gen Operating Co-Hybrid,IPP,Edwards Sanborn E2,CA,64879,BESS,122.8,Batteries,MWH,BA,operation,operation,64879,2022-04
2022,5,59497,Eversource,IPP,Outer Cape Community Battery,MA,62604,OCESS,25,Batteries,MWH,BA,operation,operation,62604,2022-05
2022,6,61012,AES Distributed Energy,IPP,Luna Storage,CA,63685,LUNA,100,Batteries,MWH,BA,operation,operation,63685,2022-06
2022,6,63571,"Azure Sky Solar Project, LLC",IPP,Azure Sky Solar,TX,63905,ASKYB,77,Batteries,MWH,BA,operation,operation,63905,2022-06
2022,6,63522,"Johanna Energy Center, LLC",IPP,Santa Ana Storage 2,CA,64921,SAP2,20,Batteries,MWH,BA,operation,operation,64921,2022-06
2022,6,63733,"Maverick Solar 6, LLC",IPP,"Maverick Solar 6, LLC",CA,64105,MAV04,50,Batteries,MWH,BA,operation,operation,64105,2022-06
2022,6,56215,RWE Renewables Americas LLC,IPP,Hickory Park Solar Hybrid,GA,63522,HPBAT,40,Batteries,MWH,BA,operation,operation,63522,2022-06
2022,7,62046,"High Lonesome Wind Power, LLC",IPP,"High Lonesome Wind Power, LLC Hybrid",TX,62562,BA,50,Batteries,MWH,BA,construction,"(V) Under construction, more than 50 percent complete",62562,2022-07
2022,7,63723,"Ignacio Grid, LLC",IPP,Ignacio Grid Energy Storage System,TX,64089,IGN01,100,Batteries,MWH,BA,construction,"(V) Under construction, more than 50 percent complete",64089,2022-07
2022,7,63289,Key Capture Energy,IPP,TX11 Republic Road Storage,TX,65694,TX11,50,Batteries,MWH,BA,construction,"(V) Under construction, more than 50 percent complete",65694,2022-07
2022,7,63289,Key Capture Energy,IPP,TX23 Roughneck Storage,TX,65701,TX23,50,Batteries,MWH,BA,construction,"(V) Under construction, more than 50 percent complete",65701,2022-07
2022,7,64282,"LeConte Energy Storage, LLC",IPP,LeConte Energy Storage,CA,64701,LCES,125,Batteries,MWH,BA,construction,"(V) Under construction, more than 50 percent complete",64701,2022-07
2022,7,55983,Luminant Generation Company LLC,IPP,DeCordova Steam Electric Station,TX,8063,BESS,260,Batteries,MWH,BA,construction,"(TS) Construction complete, but not yet in commercial operation",8063,2022-07
2022,7,63451,"Madero Grid, LLC",IPP,Madero Grid,TX,63757,MAD01,100,Batteries,MWH,BA,construction,"(V) Under construction, more than 50 percent complete",63757,2022-07
2022,7,62893,Mililani I Solar LLC,IPP,Mililani South Solar Farm,HI,57242,2,39,Batteries,MWH,BA,construction,"(TS) Construction complete, but not yet in commercial operation",57242,2022-07
2022,7,64179,"Ranchland Wind Storage, LLC",IPP,Ranchland Wind Storage,TX,64545,BA,73,Batteries,MWH,BA,construction,"(V) Under construction, more than 50 percent complete",64545,2022-07
2022,7,63420,"Taos Mesa Energy Facility, LLC",Electric Utility,Taos Mesa Energy Facility Hybrid,NM,63728,BESS,12,Batteries,MWH,BA,construction,"(V) Under construction, more than 50 percent complete",63728,2022-07
2022,7,64366,Terra-Gen Operating Co-Hybrid,IPP,Edwards Sanborn S1,CA,64929,BESS,42.1,Batteries,MWH,BA,construction,"(TS) Construction complete, but not yet in commercial operation",64929,2022-07
2022,7,64366,Terra-Gen Operating Co-Hybrid,IPP,Edwards Sanborn S3,CA,64928,BESS,35.1,Batteries,MWH,BA,construction,"(TS) Construction complete, but not yet in commercial operation",64928,2022-07
2022,8,64144,Arlington Energy Center II,IPP,Arlington Energy Center II,CA,64481,AEC2B,132,Batteries,MWH,BA,construction,"(U) Under construction, less than or equal to 50 percent complete",64481,2022-08
2022,8,64199,Arlington Energy Center III,IPP,Arlington Energy Center III,CA,64564,AEC3B,110,Batteries,MWH,BA,construction,"(U) Under construction, less than or equal to 50 percent complete",64564,2022-08
2022,8,64266,"Blue Jay Solar I, LLC",IPP,"Blue Jay Solar I, LLC",TX,64672,BLUJS,210,Batteries,MWH,BA,construction,"(V) Under construction, more than 50 percent complete",64672,2022-08
2022,8,64564,Byrd Ranch Storage LLC,IPP,Byrd Ranch Storage,TX,65259,P1,50,Batteries,MWH,BA,construction,"(U) Under construction, less than or equal to 50 percent complete",65259,2022-08
2022,8,6455,"Duke Energy Florida, LLC",Electric Utility,Lake Placid Solar Power Plant,FL,62541,ES1,17.3,Batteries,MWH,BA,construction,"(V) Under construction, more than 50 percent complete",62541,2022-08
2022,8,61944,Goldman Sachs Renewable Power LLC,IPP,Chevron - Lost Hills Hybrid,CA,63545,BESS1,10,Batteries,MWH,BA,planning,(OT) Other,63545,2022-08
2022,8,50123,"Leeward Asset Management, LLC",IPP,"Rabbitbrush Solar, LLC",CA,64630,RBBAT,20,Batteries,MWH,BA,construction,"(V) Under construction, more than 50 percent complete",64630,2022-08
2022,8,64513,RE Crimson LLC,IPP,Crimson,CA,65140,SWSH1,200,Batteries,MWH,BA,construction,"(U) Under construction, less than or equal to 50 percent complete",65140,2022-08
2022,8,62047,"Roadrunner Solar, LLC",IPP,"Roadrunner, LLC Hybrid",TX,62561,BA,50,Batteries,MWH,BA,construction,"(V) Under construction, more than 50 percent complete",62561,2022-08
2022,8,16609,San Diego Gas & Electric Co,Electric Utility,Fallbrook Energy Storage,CA,61365,FBES,40,Batteries,MWH,BA,construction,"(U) Under construction, less than or equal to 50 percent complete",61365,2022-08
2022,8,64366,Terra-Gen Operating Co-Hybrid,IPP,Edwards Sanborn E1A,CA,64878,BESS,133.4,Batteries,MWH,BA,construction,"(V) Under construction, more than 50 percent complete",64878,2022-08
2022,9,63784,"Azure Sky Wind Project, LLC",IPP,"Azure Sky Wind Project, LLC Hybrid",TX,64164,ASWBE,120,Batteries,MWH,BA,construction,"(TS) Construction complete, but not yet in commercial operation",64164,2022-09
2022,9,64568,"BT Noble Solar, LLC",IPP,Noble Solar,TX,65271,NBSTG,125,Batteries,MWH,BA,construction,"(V) Under construction, more than 50 percent complete",65271,2022-09
2022,9,64424,"Big Beau Solar, LLC  ",IPP,"BigBeau Solar, LLC",CA,64993,BB1BA,40,Batteries,MWH,BA,construction,"(V) Under construction, more than 50 percent complete",64993,2022-09
2022,9,63883,Broad Reach Power,IPP,Sierra,CA,64320,SIER,10,Batteries,MWH,BA,construction,"(V) Under construction, more than 50 percent complete",64320,2022-09
2022,9,64809,Doc Brown LLC,IPP,Danville BESS 1,VA,65499,90909,10.5,Batteries,MWH,BA,construction,"(U) Under construction, less than or equal to 50 percent complete",65499,2022-09
2022,9,63289,Key Capture Energy,IPP,TX12 Silicon Hill Storage,TX,65695,TX12,100,Batteries,MWH,BA,construction,"(V) Under construction, more than 50 percent complete",65695,2022-09
2022,9,15296,New York Power Authority,Electric Utility,Willis Battery Storage,NY,63238,WB1,20,Batteries,MWH,BA,construction,"(U) Under construction, less than or equal to 50 percent complete",63238,2022-09
2022,9,64513,RE Crimson LLC,IPP,Crimson,CA,65140,SWSH2,150,Batteries,MWH,BA,construction,"(U) Under construction, less than or equal to 50 percent complete",65140,2022-09
2022,9,17609,Southern California Edison Co,Electric Utility,Anode (Springville) BESS,CA,65458,ANOD1,112.5,Batteries,MWH,BA,construction,"(U) Under construction, less than or equal to 50 percent complete",65458,2022-09
2022,9,17609,Southern California Edison Co,Electric Utility,Anode (Springville) BESS,CA,65458,ANOD2,112.5,Batteries,MWH,BA,construction,"(U) Under construction, less than or equal to 50 percent complete",65458,2022-09
2022,9,17609,Southern California Edison Co,Electric Utility,Separator (Etiwanda) BESS,CA,65456,SEPAR,112.5,Batteries,MWH,BA,construction,"(U) Under construction, less than or equal to 50 percent complete",65456,2022-09
2022,10,58939,Cameron Wind 1 LLC,IPP,Cameron Wind 1 LLC,TX,59118,SABAL,24,Batteries,MWH,BA,construction,"(U) Under construction, less than or equal to 50 percent complete",59118,2022-10
2022,10,5248,Dominion Energy Inc,Electric Utility,Dry Bridge Storage,VA,65044,DBES,20,Batteries,MWH,BA,planning,(L) Regulatory approvals pending. Not under construction,65044,2022-10
2022,10,49893,Invenergy Services LLC,IPP,Orangeville Storage,NY,64686,65002,24.7,Batteries,MWH,BA,construction,"(TS) Construction complete, but not yet in commercial operation",64686,2022-10
2022,10,17609,Southern California Edison Co,Electric Utility,Cathode (Hinson) BESS,CA,65457,CATH1,100,Batteries,MWH,BA,construction,"(U) Under construction, less than or equal to 50 percent complete",65457,2022-10
2022,10,17609,Southern California Edison Co,Electric Utility,Cathode (Hinson) BESS,CA,65457,CATH2,100,Batteries,MWH,BA,construction,"(U) Under construction, less than or equal to 50 percent complete",65457,2022-10
2022,11,61012,AES Distributed Energy,IPP,AES Waikoloa Solar Hybrid,HI,63900,KLOAB,30,Batteries,MWH,BA,construction,"(U) Under construction, less than or equal to 50 percent complete",63900,2022-11
2022,11,64459,"Blythe Mesa Solar II, LLC",IPP,Blythe Mesa Solar II,CA,65053,BMSES,112,Batteries,MWH,BA,construction,"(V) Under construction, more than 50 percent complete",65053,2022-11
2022,11,64438,"Enel Green Power Roseland Solar, LLC",IPP,"Roseland Solar Project, LLC",TX,65028,ROSEB,59.1,Batteries,MWH,BA,construction,"(U) Under construction, less than or equal to 50 percent complete",65028,2022-11
2022,11,63289,Key Capture Energy,IPP,NY6 Battery,NY,65692,NY6,20,Batteries,MWH,BA,construction,"(U) Under construction, less than or equal to 50 percent complete",65692,2022-11
2022,11,63289,Key Capture Energy,IPP,TX13 Endurance Park Storage,TX,65696,TX13,50,Batteries,MWH,BA,construction,"(U) Under construction, less than or equal to 50 percent complete",65696,2022-11
2022,11,64740,"Santa Paula Energy Storage, LLC",IPP,Santa Paula Energy Storage LLC,CA,65397,SP1,30,Batteries,MWH,BA,construction,"(V) Under construction, more than 50 percent complete",65397,2022-11
2022,11,64995,"Victory Pass I, LLC",IPP,Victory Pass,CA,65743,VCTBA,50,Batteries,MWH,BA,planning,(T) Regulatory approvals received. Not under construction,65743,2022-11
2022,12,61012,AES Distributed Energy,IPP,AES Maui Kuihelani Solar Hybrid,HI,64256,KLNIB,60,Batteries,MWH,BA,planning,(T) Regulatory approvals received. Not under construction,64256,2022-12
2022,12,64996,"Arica Solar, LLC",IPP,Arica Solar,CA,65744,ARCBA,136,Batteries,MWH,BA,planning,(T) Regulatory approvals received. Not under construction,65744,2022-12
2022,12,803,Arizona Public Service Co,Electric Utility,Cotton Center Solar Hybrid,AZ,57561,CC17M,17,Batteries,MWH,BA,planning,"(P) Planned for installation, but regulatory approvals not initiated",57561,2022-12
2022,12,803,Arizona Public Service Co,Electric Utility,Desert Star Hybrid,AZ,59444,DS10M,10,Batteries,MWH,BA,construction,"(V) Under construction, more than 50 percent complete",59444,2022-12
2022,12,803,Arizona Public Service Co,Electric Utility,El Sol BESS,AZ,62964,EL50M,50,Batteries,MWH,BA,planning,"(P) Planned for installation, but regulatory approvals not initiated",62964,2022-12
2022,12,803,Arizona Public Service Co,Electric Utility,Foothills Solar Plant Hybrid,AZ,57997,FH38M,38,Batteries,MWH,BA,planning,"(P) Planned for installation, but regulatory approvals not initiated",57997,2022-12
2022,12,803,Arizona Public Service Co,Electric Utility,Gila Bend Hybrid,AZ,59020,GB36M,36,Batteries,MWH,BA,planning,"(P) Planned for installation, but regulatory approvals not initiated",59020,2022-12
2022,12,803,Arizona Public Service Co,Electric Utility,Hyder II Hybrid,AZ,58383,H214M,14,Batteries,MWH,BA,planning,"(P) Planned for installation, but regulatory approvals not initiated",58383,2022-12
2022,12,803,Arizona Public Service Co,Electric Utility,Hyder Solar Hybrid,AZ,57563,H116M,16,Batteries,MWH,BA,planning,"(P) Planned for installation, but regulatory approvals not initiated",57563,2022-12
2022,12,803,Arizona Public Service Co,Electric Utility,Paloma Solar Hybrid,AZ,57562,PA17M,17,Batteries,MWH,BA,planning,"(P) Planned for installation, but regulatory approvals not initiated",57562,2022-12
2022,12,62921,Arroyo Solar LLC,IPP,Arroyo Solar Energy Storage Hybrid,NM,63172,ARESS,150,Batteries,MWH,BA,construction,"(U) Under construction, less than or equal to 50 percent complete",63172,2022-12
2022,12,64757,"BT Cunningham Storage, LLC",IPP,Cunningham Storage,TX,65410,SPUT,190,Batteries,MWH,BA,planning,"(P) Planned for installation, but regulatory approvals not initiated",65410,2022-12
2022,12,63883,Broad Reach Power,IPP,"Cascade Energy Storage, LLC",CA,61801,10002,25,Batteries,MWH,BA,construction,"(U) Under construction, less than or equal to 50 percent complete",61801,2022-12
2022,12,59380,"Enel Green Power NA, Inc.",IPP,"Sierra Energy Storage, LLC",CA,61803,10003,10,Batteries,MWH,BA,planning,(L) Regulatory approvals pending. Not under construction,61803,2022-12
2022,12,64937,Hecate Energy Desert Storage 1 LLC,IPP,Hecate Energy Desert Storage 1 LLC,CA,65635,HEDS1,10,Batteries,MWH,BA,planning,(T) Regulatory approvals received. Not under construction,65635,2022-12
2022,12,64978,Hecate Grid Carris Storage 1 LLC,IPP,Carris Storage I,CA,65733,HECAR,10,Batteries,MWH,BA,planning,(L) Regulatory approvals pending. Not under construction,65733,2022-12
2022,12,64077,JVR Energy Park LLC,IPP,JVR Energy Park LLC,CA,64428,JVR1B,70,Batteries,MWH,BA,planning,(T) Regulatory approvals received. Not under construction,64428,2022-12
2022,12,63289,Key Capture Energy,IPP,TX19 River Valley Storage 1,TX,65699,TX19,50,Batteries,MWH,BA,construction,"(U) Under construction, less than or equal to 50 percent complete",65699,2022-12
2022,12,63289,Key Capture Energy,IPP,TX21 River Valley Storage 2,TX,65700,TX21,50,Batteries,MWH,BA,construction,"(U) Under construction, less than or equal to 50 percent complete",65700,2022-12
2022,12,50123,"Leeward Asset Management, LLC",IPP,Chaparral Springs,CA,64864,CHAPB,50,Batteries,MWH,BA,construction,"(U) Under construction, less than or equal to 50 percent complete",64864,2022-12
2022,12,63427,"Neptune Energy Center, LLC",IPP,Neptune Energy Center Hybrid,CO,63731,NT125,125,Batteries,MWH,BA,construction,"(U) Under construction, less than or equal to 50 percent complete",63731,2022-12
2022,12,64087,OE_MS5,IPP,OE_MS5,MS,64529,MS5_S,50,Batteries,MWH,BA,planning,(T) Regulatory approvals received. Not under construction,64529,2022-12
2022,12,64135,Resurgence Solar,IPP,Resurgence Solar,CA,64489,GEN2,115,Batteries,MWH,BA,planning,(T) Regulatory approvals received. Not under construction,64489,2022-12
2022,12,64366,Terra-Gen Operating Co-Hybrid,IPP,Edwards Sanborn S4,CA,65677,BESS,20.6,Batteries,MWH,BA,construction,"(U) Under construction, less than or equal to 50 percent complete",65677,2022-12
2022,12,63454,"Thunder Wolf Energy Center, LLC",IPP,Thunder Wolf Energy Center Hybrid,CO,63776,TW100,100,Batteries,MWH,BA,construction,"(U) Under construction, less than or equal to 50 percent complete",63776,2022-12
2022,12,64474,Waiawa Solar Power LLC,IPP,Waiawa Solar Power Hybrid,HI,65058,WAIBA,36,Batteries,MWH,BA,construction,"(V) Under construction, more than 50 percent complete",65058,2022-12
2023,1,61012,AES Distributed Energy,IPP,AES West Oahu Solar Hybrid,HI,64656,UHBES,12.5,Batteries,MWH,BA,planning,(T) Regulatory approvals received. Not under construction,64656,2023-01
2023,1,64287,Terra-Gen Operating Co-BESS,IPP,Sanborn EBESS1,CA,65673,BESS,57.4,Batteries,MWH,BA,construction,"(U) Under construction, less than or equal to 50 percent complete",65673,2023-01
2023,2,64366,Terra-Gen Operating Co-Hybrid,IPP,Edwards Sanborn E4,CA,65675,BESS,109.8,Batteries,MWH,BA,construction,"(U) Under construction, less than or equal to 50 percent complete",65675,2023-02
2023,3,61785,EDP Renewables North America LLC,IPP,Scarlet Solar (CA),CA,64908,GEN02,40,Batteries,MWH,BA,planning,"(P) Planned for installation, but regulatory approvals not initiated",64908,2023-03
2023,3,64947,EDPR CA Solar Park II LLC,IPP,Sandrini Solar 100,CA,65664,GENBA,95.4,Batteries,MWH,BA,construction,"(U) Under construction, less than or equal to 50 percent complete",65664,2023-03
2023,3,64935,"Ortega Grid, LLC",IPP,"Ortega Grid, LLC",CA,65656,HEORG,20,Batteries,MWH,BA,planning,(L) Regulatory approvals pending. Not under construction,65656,2023-03
2023,3,62646,"Painter Energy Storage, LLC",IPP,Painter Energy Storage,CA,62729,PAIN1,10,Batteries,MWH,BA,construction,"(U) Under construction, less than or equal to 50 percent complete",62729,2023-03
2023,3,64936,"San Jacinto Grid, LLC",IPP,"San Jacinto Grid, LLC",CA,65657,HESJG,65,Batteries,MWH,BA,planning,(T) Regulatory approvals received. Not under construction,65657,2023-03
2023,5,50123,"Leeward Asset Management, LLC",IPP,AVEP BESS,CA,65591,AVEPB,126,Batteries,MWH,BA,construction,"(U) Under construction, less than or equal to 50 percent complete",65591,2023-05
2023,5,64287,Terra-Gen Operating Co-BESS,IPP,Sanborn BESS 3,CA,65672,BESS,175.5,Batteries,MWH,BA,construction,"(U) Under construction, less than or equal to 50 percent complete",65672,2023-05
2023,6,63825,45MG 8me LLC,IPP,Aratina Solar Center 2,CA,64215,45MGB,200,Batteries,MWH,BA,planning,"(P) Planned for installation, but regulatory approvals not initiated",64215,2023-06
2023,6,61768,Arrow Canyon Solar LLC,IPP,Arrow Canyon Solar Hybrid,NV,62248,2,75,Batteries,MWH,BA,planning,"(P) Planned for installation, but regulatory approvals not initiated",62248,2023-06
2023,6,64739,Black Walnut Energy Storage LLC,IPP,Black Walnut Energy Storage LLC,CA,65396,BW1,15,Batteries,MWH,BA,planning,(T) Regulatory approvals received. Not under construction,65396,2023-06
2023,6,63883,Broad Reach Power,IPP,Dickens,TX,65489,DIKNS,200,Batteries,MWH,BA,planning,(L) Regulatory approvals pending. Not under construction,65489,2023-06
2023,6,63883,Broad Reach Power,IPP,Hydra,TX,65490,HYDRA,200,Batteries,MWH,BA,planning,(L) Regulatory approvals pending. Not under construction,65490,2023-06
2023,6,63883,Broad Reach Power,IPP,Paleo,TX,65491,PALEO,200,Batteries,MWH,BA,planning,(L) Regulatory approvals pending. Not under construction,65491,2023-06
2023,6,63883,Broad Reach Power,IPP,Pavo,TX,65492,PAVO,175,Batteries,MWH,BA,planning,(L) Regulatory approvals pending. Not under construction,65492,2023-06
2023,6,63883,Broad Reach Power,IPP,Tortolas,TX,65493,TORTO,50,Batteries,MWH,BA,planning,(L) Regulatory approvals pending. Not under construction,65493,2023-06
2023,6,54802,Dynegy -Moss Landing LLC,IPP,Dynegy Moss Landing Power Plant Hybrid,CA,260,BAT3,350,Batteries,MWH,BA,planning,(L) Regulatory approvals pending. Not under construction,260,2023-06
2023,6,64738,"Hummingbird Energy Storage, LLC",IPP,Hummingbird Energy Storage LLC,CA,65395,HUMB1,75,Batteries,MWH,BA,planning,(T) Regulatory approvals received. Not under construction,65395,2023-06
2023,6,64971,IP Oberon LLC,IPP,Oberon Solar Project,CA,65734,OBIBS,125,Batteries,MWH,BA,planning,(L) Regulatory approvals pending. Not under construction,65734,2023-06
2023,6,63289,Key Capture Energy,IPP,NY2 Battery,NY,63584,NY2,200,Batteries,MWH,BA,planning,"(P) Planned for installation, but regulatory approvals not initiated",63584,2023-06
2023,6,50123,"Leeward Asset Management, LLC",IPP,Ridgely Energy Farm,TN,65445,RBESS,69,Batteries,MWH,BA,planning,(L) Regulatory approvals pending. Not under construction,65445,2023-06
2023,6,64366,Terra-Gen Operating Co-Hybrid,IPP,Edwards Sanborn E5,CA,65676,BESS,75.4,Batteries,MWH,BA,construction,"(U) Under construction, less than or equal to 50 percent complete",65676,2023-06
2023,7,60797,68SF 8me LLC,IPP,"Eland Solar & Storage Center, Phase 1 Hybrid",CA,61168,61168,150,Batteries,MWH,BA,construction,"(U) Under construction, less than or equal to 50 percent complete",61168,2023-07
2023,7,54803,"Dynegy Oakland, LLC",IPP,Dynegy Oakland Power Plant,CA,6211,GEN4,43.3,Batteries,MWH,BA,planning,"(P) Planned for installation, but regulatory approvals not initiated",6211,2023-07
2023,8,59656,Desert Quartzite LLC,IPP,Desert Quartzite,CA,59871,GEN02,150,Batteries,MWH,BA,planning,(T) Regulatory approvals received. Not under construction,59871,2023-08
2023,8,63416,Ho'Ohana Solar 1 LLC,IPP,Ho'Ohana Solar 1,HI,63723,HESS1,52,Batteries,MWH,BA,planning,"(P) Planned for installation, but regulatory approvals not initiated",63723,2023-08
2023,8,63289,Key Capture Energy,IPP,TX10 Hummingbird Storage,TX,65693,TX10,100,Batteries,MWH,BA,planning,(L) Regulatory approvals pending. Not under construction,65693,2023-08
2023,8,56215,RWE Renewables Americas LLC,IPP,"Big Star Solar, LLC (Hybrid)",TX,64202,BGSTB,80,Batteries,MWH,BA,construction,"(U) Under construction, less than or equal to 50 percent complete",64202,2023-08
2023,8,18642,Tennessee Valley Authority,Electric Utility,Vonore Battery Energy Storage System,TN,64255,VBESS,20,Batteries,MWH,BA,planning,"(P) Planned for installation, but regulatory approvals not initiated",64255,2023-08
2023,8,64366,Terra-Gen Operating Co-Hybrid,IPP,Edwards Sanborn E1B,CA,65674,BESS,140.4,Batteries,MWH,BA,construction,"(U) Under construction, less than or equal to 50 percent complete",65674,2023-08
2023,9,60796,91MC 8me LLC,IPP,Aratina Solar Center 1 Hybrid,CA,61167,BESS,50,Batteries,MWH,BA,planning,"(P) Planned for installation, but regulatory approvals not initiated",61167,2023-09
2023,9,64365,Daggett Solar Power 3 LLC,IPP,Daggett 3,CA,64852,DAGGB,144,Batteries,MWH,BA,construction,"(U) Under construction, less than or equal to 50 percent complete",64852,2023-09
2023,9,64972,"IP Oberon II, LLC",IPP,Oberon II Solar Project,CA,65735,OBIIB,125,Batteries,MWH,BA,planning,(L) Regulatory approvals pending. Not under construction,65735,2023-09
2023,9,63289,Key Capture Energy,IPP,TX17 Nickel Prairie Storage,TX,63880,TX17,100,Batteries,MWH,BA,planning,"(P) Planned for installation, but regulatory approvals not initiated",63880,2023-09
2023,9,62036,Paeahu Solar LLC,IPP,Paeahu Solar Hybrid,HI,62534,PHBA,15,Batteries,MWH,BA,planning,(L) Regulatory approvals pending. Not under construction,62534,2023-09
2023,9,56215,RWE Renewables Americas LLC,IPP,"Fifth Standard Solar PV, LLC (Hybrid)",CA,64197,FTHSB,117,Batteries,MWH,BA,planning,(L) Regulatory approvals pending. Not under construction,64197,2023-09
2023,10,63883,Broad Reach Power,IPP,Antlia,TX,65588,ANTLA,70,Batteries,MWH,BA,planning,(L) Regulatory approvals pending. Not under construction,65588,2023-10
2023,10,63883,Broad Reach Power,IPP,Carina,TX,65589,CARNA,150,Batteries,MWH,BA,planning,(L) Regulatory approvals pending. Not under construction,65589,2023-10
2023,10,5248,Dominion Energy Inc,Electric Utility,Dulles Solar and Storage,VA,65043,DUST,50,Batteries,MWH,BA,planning,(L) Regulatory approvals pending. Not under construction,65043,2023-10
2023,10,7140,Georgia Power Co,Electric Utility,Mossy Branch Battery Facility,GA,65018,BESS,65,Batteries,MWH,BA,planning,(T) Regulatory approvals received. Not under construction,65018,2023-10
2023,10,62008,Hale Kuawehi Solar LLC,IPP,Hale Kuawehi Solar Hybrid,HI,62529,HKBA,30,Batteries,MWH,BA,construction,"(U) Under construction, less than or equal to 50 percent complete",62529,2023-10
2023,10,63289,Key Capture Energy,IPP,TX15 Limousin Oak Storage,TX,65698,TX15,100,Batteries,MWH,BA,planning,"(P) Planned for installation, but regulatory approvals not initiated",65698,2023-10
2023,10,64164,Noosa Energy Storage LLC,IPP,Noosa Energy Storage LLC,CA,64531,KOV4A,99,Batteries,MWH,BA,planning,(T) Regulatory approvals received. Not under construction,64531,2023-10
2023,11,60798,69SV 8me LLC,IPP,"Eland Solar & Storage Center, Phase 2 Hybrid",CA,61169,61169,150,Batteries,MWH,BA,planning,(T) Regulatory approvals received. Not under construction,61169,2023-11
2023,11,64364,Daggett Solar Power 2 LLC,IPP,Daggett 2,CA,64851,DAGGB,131,Batteries,MWH,BA,planning,(T) Regulatory approvals received. Not under construction,64851,2023-11
2023,11,63117,Gemini Solar,IPP,Gemini Solar,NV,63352,ARPV1,280,Batteries,MWH,BA,construction,"(U) Under construction, less than or equal to 50 percent complete",63352,2023-11
2023,11,64970,Hecate Grid Humidor Storage 1 LLC,IPP,Humidor Storage I,CA,65703,HEHUM,300,Batteries,MWH,BA,planning,(L) Regulatory approvals pending. Not under construction,65703,2023-11
2023,11,64776,"Wolf Pit Branch Solar, LLC",IPP,"Wolf Pit Branch Solar, LLC",SC,65437,PGB38,15.5,Batteries,MWH,BA,construction,"(U) Under construction, less than or equal to 50 percent complete",65437,2023-11
2023,12,61222,174 Power Global Corp.,IPP,Atlas,AZ,63798,ATLB1,300,Batteries,MWH,BA,planning,"(P) Planned for installation, but regulatory approvals not initiated",63798,2023-12
2023,12,61222,174 Power Global Corp.,IPP,Boulder Solar III LLC,NV,65141,BS3ES,58,Batteries,MWH,BA,planning,"(P) Planned for installation, but regulatory approvals not initiated",65141,2023-12
2023,12,64244,"92JT 8me, LLC",IPP,Big Rock Solar Farm,CA,64636,92JTB,200,Batteries,MWH,BA,planning,"(P) Planned for installation, but regulatory approvals not initiated",64636,2023-12
2023,12,15399,Avangrid Renewables LLC,IPP,Camino Solar Hybrid,CA,63508,CSBA1,11,Batteries,MWH,BA,planning,"(P) Planned for installation, but regulatory approvals not initiated",63508,2023-12
2023,12,64934,"Chiquito Grid, LLC",IPP,"Chiquito Grid, LLC",CA,65655,HECHQ,80,Batteries,MWH,BA,planning,(L) Regulatory approvals pending. Not under construction,65655,2023-12
2023,12,64186,"Chuckwalla Solar, LLC",IPP,"Chuckwalla Solar, LLC",NV,64558,CHW1,180,Batteries,MWH,BA,planning,"(P) Planned for installation, but regulatory approvals not initiated",64558,2023-12
2023,12,64389,ConnectGen Chautauqua County LLC,IPP,South Ripley Solar,NY,64911,CSRB1,20,Batteries,MWH,BA,planning,(L) Regulatory approvals pending. Not under construction,64911,2023-12
2023,12,62760,EDPR CA Solar Park VI LLC,IPP,EDPR CA Solar Park VI LLC (CA) Hybrid,CA,62892,SONR2,40,Batteries,MWH,BA,planning,(T) Regulatory approvals received. Not under construction,62892,2023-12
2023,12,50123,"Leeward Asset Management, LLC",IPP,"Willow Spring Solar 3, LLC",CA,60325,WS3BA,36,Batteries,MWH,BA,planning,(L) Regulatory approvals pending. Not under construction,60325,2023-12
2023,12,61752,Lone Star Solar,IPP,Lone Star Solar,SC,62235,50,66,Batteries,MWH,BA,planning,(T) Regulatory approvals received. Not under construction,62235,2023-12
2023,12,13407,Nevada Power Co,Electric Utility,Dry Lake Solar Energy Center,NV,63933,DLES1,100,Batteries,MWH,BA,planning,(L) Regulatory approvals pending. Not under construction,63933,2023-12
2023,12,13407,Nevada Power Co,Electric Utility,Iron Point Solar (Hybrid),NV,65377,IPB,200,Batteries,MWH,BA,planning,(T) Regulatory approvals received. Not under construction,65377,2023-12
2023,12,64582,OE_MS6,IPP,OE_MS6,MS,65291,MS6_S,50,Batteries,MWH,BA,planning,"(P) Planned for installation, but regulatory approvals not initiated",65291,2023-12
2023,12,63821,Pike Solar LLC,IPP,Pike Solar Hybrid,CO,64212,PSBES,25,Batteries,MWH,BA,planning,"(P) Planned for installation, but regulatory approvals not initiated",64212,2023-12
2023,12,62023,Skeleton Creek Energy Center,IPP,Skeleton Creek Energy Center Hybrid,OK,62494,SCBAT,200,Batteries,MWH,BA,planning,"(P) Planned for installation, but regulatory approvals not initiated",62494,2023-12
2023,12,64233,"South Portland ESS, LLC",IPP,"South Portland ESS, LLC",ME,64616,1,10,Batteries,MWH,BA,planning,(T) Regulatory approvals received. Not under construction,64616,2023-12
2023,12,64966,"Vikings Energy Farm, LLC",IPP,Vikings Energy Farm,CA,65711,GEN2,150,Batteries,MWH,BA,planning,(L) Regulatory approvals pending. Not under construction,65711,2023-12
2023,12,20847,Wisconsin Electric Power Co,Electric Utility,Darien Solar,WI,64534,2,75,Batteries,MWH,BA,planning,(L) Regulatory approvals pending. Not under construction,64534,2023-12
2024,2,64741,"Homestead Energy Storage, LLC",IPP,Homestead Energy Storage LLC,CA,65398,HMSD1,14,Batteries,MWH,BA,planning,(T) Regulatory approvals received. Not under construction,65398,2024-02
2024,3,60971,NYC ENERGY LLC,IPP,NISA Electric Generation Project,NY,61331,BA1,79.9,Batteries,MWH,BA,planning,(T) Regulatory approvals received. Not under construction,61331,2024-03
2024,3,63726,Renewable Energy Ventures LLC,IPP,Forest Grove - Dodd,TX,64131,ESS1,100,Batteries,MWH,BA,planning,"(P) Planned for installation, but regulatory approvals not initiated",64131,2024-03
2024,4,63826,201LC 8me LLC,IPP,Rockmont Solar and Storage Project,NM,64216,309SJ,30,Batteries,MWH,BA,planning,"(P) Planned for installation, but regulatory approvals not initiated",64216,2024-04
2024,4,64247,20SD 8me LLC,IPP,Rexford Solar Farm,CA,64633,20SDB,300,Batteries,MWH,BA,planning,"(P) Planned for installation, but regulatory approvals not initiated",64633,2024-04
2024,4,62910,300MS 8me LLC,IPP,Southern Bighorn Solar Hybrid,NV,63113,BESS,135,Batteries,MWH,BA,planning,"(P) Planned for installation, but regulatory approvals not initiated",63113,2024-04
2024,4,64736,"Beartooth Energy Storage, LLC",IPP,Beartooth Energy Storage LLC,MT,65407,BEAR1,50,Batteries,MWH,BA,planning,(L) Regulatory approvals pending. Not under construction,65407,2024-04
2024,5,64609,ENGIE Solidago Solar LLC,IPP,ENGIE Solidago Solar Project - Hybrid,DE,65304,BESS,12.5,Batteries,MWH,BA,planning,"(P) Planned for installation, but regulatory approvals not initiated",65304,2024-05
2024,6,64245,"90FI 8me, LLC",IPP,Kingsley Solar Farm,CA,64634,90FIB,360,Batteries,MWH,BA,planning,"(P) Planned for installation, but regulatory approvals not initiated",64634,2024-06
2024,6,63883,Broad Reach Power,IPP,Octans,TX,65590,OCTNS,125,Batteries,MWH,BA,planning,(L) Regulatory approvals pending. Not under construction,65590,2024-06
2024,6,62733,Cranberry Point Energy Storage LLC,IPP,Cranberry Point Energy Storage,MA,62844,NA,150,Batteries,MWH,BA,planning,"(P) Planned for installation, but regulatory approvals not initiated",62844,2024-06
2024,7,62936,TREX US Red Holly LLC,IPP,TREX US Red Holly,TX,63202,701-S,50,Batteries,MWH,BA,planning,(L) Regulatory approvals pending. Not under construction,63202,2024-07
2024,9,64674,Noria Hondo Solar LLC,IPP,Noria Hondo Solar (Hybrid),TX,65344,66149,75,Batteries,MWH,BA,planning,(L) Regulatory approvals pending. Not under construction,65344,2024-09
2024,10,63520,326FW 8me LLC,IPP,Arida Solar (Hybrid),NV,63841,BESS,185,Batteries,MWH,BA,planning,"(P) Planned for installation, but regulatory approvals not initiated",63841,2024-10
2024,11,63807,302PN 8me LLC,IPP,Red Antelope Solar & Energy Storage Farm,AZ,64208,30PNB,300,Batteries,MWH,BA,planning,"(P) Planned for installation, but regulatory approvals not initiated",64208,2024-11
2024,11,63805,50LW 8me LLC,IPP,Bellefield Solar and Energy Storage Farm,CA,64210,50LWB,500,Batteries,MWH,BA,planning,"(P) Planned for installation, but regulatory approvals not initiated",64210,2024-11
2024,12,63806,26SB 8me LLC,IPP,Bellefield 2 Solar & Energy Storage Farm,CA,64209,26SBB,500,Batteries,MWH,BA,planning,"(P) Planned for installation, but regulatory approvals not initiated",64209,2024-12
2024,12,64246,"99MT 8me, LLC",IPP,Sienna Solar Farm,CA,64632,99MTB,200,Batteries,MWH,BA,planning,"(P) Planned for installation, but regulatory approvals not initiated",64632,2024-12
2024,12,63702,"Barbers Point Solar, LLC",IPP,"Barbers Point Solar, LLC",HI,64094,BPBA,15,Batteries,MWH,BA,planning,"(P) Planned for installation, but regulatory approvals not initiated",64094,2024-12
2024,12,64434,"Beaver Creek Wind I, LLC",IPP,Beaver Creek I,MT,65019,BCW1B,30,Batteries,MWH,BA,construction,"(U) Under construction, less than or equal to 50 percent complete",65019,2024-12
2024,12,64435,"Beaver Creek Wind II, LLC",IPP,Beaver Creek II,MT,65020,BCW2B,20,Batteries,MWH,BA,construction,"(U) Under construction, less than or equal to 50 percent complete",65020,2024-12
2024,12,64436,"Beaver Creek Wind III, LLC",IPP,Beaver Creek III,MT,65021,BCW3B,20,Batteries,MWH,BA,construction,"(U) Under construction, less than or equal to 50 percent complete",65021,2024-12
2024,12,64437,"Beaver Creek Wind IV, LLC",IPP,Beaver Creek IV,MT,65023,BCW4B,30,Batteries,MWH,BA,construction,"(U) Under construction, less than or equal to 50 percent complete",65023,2024-12
2024,12,63839,Hecate Grid Clermont 1 LLC,IPP,Clermont,NY,64236,CLRMT,100,Batteries,MWH,BA,planning,(L) Regulatory approvals pending. Not under construction,64236,2024-12
2024,12,63703,"Kahana Solar, LLC",IPP,"Kahana Solar, LLC",HI,64095,KSBA,20,Batteries,MWH,BA,planning,"(P) Planned for installation, but regulatory approvals not initiated",64095,2024-12
2024,12,13407,Nevada Power Co,Electric Utility,Hot Pot Solar,NV,65419,HPB,280,Batteries,MWH,BA,planning,(T) Regulatory approvals received. Not under construction,65419,2024-12
2024,12,63599,Pure Hedge LLC,IPP,Pure Hedge LLC,CT,50736,FSS13,20,Batteries,MWH,BA,construction,"(U) Under construction, less than or equal to 50 percent complete",50736,2024-12
2025,4,64519,"Deer Wood Storage, LLC",IPP,"Deer Wood Storage, LLC",VA,65145,ENX12,30,Batteries,MWH,BA,planning,"(P) Planned for installation, but regulatory approvals not initiated",65145,2025-04
2025,7,60971,NYC ENERGY LLC,IPP,NISA Electric Generation Project,NY,61331,BA2,220.1,Batteries,MWH,BA,planning,(T) Regulatory approvals received. Not under construction,61331,2025-07
2025,10,63553,Haymaker Energy Project LLC,IPP,Haymaker Hybrid,MT,63878,HBESS,100,Batteries,MWH,BA,planning,"(P) Planned for installation, but regulatory approvals not initiated",63878,2025-10
2025,12,63838,Hecate Grid Swiftsure LLC,IPP,Swiftsure,NY,64235,SWFTS,650,Batteries,MWH,BA,planning,(L) Regulatory approvals pending. Not under construction,64235,2025-12
